SAMPLE_ID,PATIENT_ID,SEX,AGE_GROUP,SAMPLE_TYPE,LESION_TYPE,TUMOR_LOCATION,LOCATION_GROUP,CATECHOLAMINE_PROFILE,BIOCHEM_PHENOTYPE,KI67_STAINING,KI67_GROUP,TUMOR_SIZE,RESECTION_POST_DNA_DAMAGING_TREATMENT,PRIOR_TREATMENT,SDHB_VARIANT,TERT_ATRX_MUTATION,TERT_ATRX_STATUS,PLOIDY,PROPORTION_GENOME_DIPLOID,LOG2_TEL_CONTENT_RATIO,RNA_TEL_CONTENT,CHROMOTHRIPTIC_EVENT,CHROMOTHRIPSIS,CHROMOTHRIPSIS_CHR,HTN,OS_MONTHS,OS_EVENT,VITAL_STATUS,MFS_TIME,MFS_EVENT,DISEASE_FREE,MUTATION_TYPE,GRANTHAM_SCORE,GRANTHAM_CLASS
E019-P1,E019,Male,71-80,Primary (Short Follow Up),Primary_No_Mets,Extraadrenal Abdominal,AP_PGL,Norepinephrine,NE,2,Ki67_1_5,,No,No,p.Val140Phe,ATRX,ATRX_altered,1.92,0.7872,0.890133421,94.907625,0,No,,Yes,96.0,1.0,Deceased,96.0,0.0,Not applicable,Missense,50.0,Conservative
E120-P1,E120,Male,31-40,Primary (Metastasis Reported),Primary_With_Mets,Extraadrenal Abdominal,AP_PGL,Non Secreting,Non_Secreting,1,Ki67_low,,No,No,p.Arg90*,TERT,TERT_altered,1.94,0.9234,-0.301141592,46.358242,0,No,,Yes,171.0,1.0,Deceased,42.0,1.0,Not applicable,Nonsense,,
E121-M1,E121,Male,41-50,Metastasis,Metastasis,Metastasis Bone,Metastatic,Norepinephrine,NE,1.5,Ki67_1_5,,No,No,p.Leu65His,TERT,TERT_altered,1.92,0.8109,0.055344537,72.41502,0,No,,Yes,42.0,1.0,Deceased,13.0,1.0,Not applicable,Missense,99.0,Moderately_Conservative
E122-R1,E122,Female,21-30,Local Recurrence (Metastasis Reported),Primary_With_Mets,Extraadrenal Bladder,AP_PGL,Norepinephrine,NE,3,Ki67_1_5,,Yes (I131-MIBG - 7.9 Gbq),Yes,splice_variant,ATRX,ATRX_altered,1.88,0.8336,0.875214008,84.347451,0,No,,Yes,131.0,1.0,Deceased,66.0,1.0,Not applicable,Splice,,
E122-R2,E122,Female,21-30,Local Recurrence (Metastasis Reported),Primary_With_Mets,Extraadrenal Bladder,AP_PGL,Norepinephrine,NE,5,Ki67_1_5,,Yes (I131-MIBG - 7.9 Gbq),Yes,splice_variant,ATRX,ATRX_altered,1.88,0.8519,0.73448113,126.606344,0,No,,Yes,131.0,1.0,Deceased,66.0,1.0,Not applicable,Splice,,
E123-M1,E123,Female,61-70,Metastasis,Metastasis,Metastasis Bone,Metastatic,Non Secreting,Non_Secreting,3,Ki67_1_5,,No,No,p.Ile127Ser,TERT,TERT_altered,3.45,0.0,-0.245094841,1.713625,Chr5,Yes,Chr5,Yes,216.0,1.0,Deceased,216.0,0.0,Not applicable,Missense,142.0,Moderately_Radical
E125-P1,E125,Male,41-50,Non-Metastatic Primary,Primary_No_Mets,Extraadrenal Abdominal,AP_PGL,,,<0.5,Ki67_low,le5cm,No,No,splice_variant,WT,WT,1.7,0.6934,-0.355460872,33.022397,0,No,,No,96.0,0.0,Alive,96.0,0.0,Yes,Splice,,
E126-P1,E126,Female,21-30,Non-Metastatic Primary,Primary_No_Mets,Extraadrenal Abdominal,AP_PGL,Norepinephrine,NE,<0.5,Ki67_low,le5cm,No,No,p.Arg46Gln,WT,WT,1.92,0.8427,-0.259756428,42.553034,0,No,,No,88.0,0.0,Alive,88.0,0.0,Yes,Missense,43.0,Conservative
E127-P1,E127,Female,11-20,Non-Metastatic Primary,Primary_No_Mets,Extraadrenal Abdominal,AP_PGL,Norepinephrine,NE,,,le5cm,No,No,p.Arg46Gln,WT,WT,1.86,0.8629,-0.053231406,2.45551,0,No,,No,98.0,0.0,Alive,98.0,0.0,Yes,Missense,43.0,Conservative
E128-P1,E128,Female,31-40,Non-Metastatic Primary,Primary_No_Mets,Extraadrenal Thoracic Cardiac,T_PGL,Norepinephrine,NE,<0.5,Ki67_low,le5cm,No,No,p.Arg46*,WT,WT,1.84,0.7855,-0.247627122,59.443234,Chr1q,Yes,Chr1q,Yes,50.0,0.0,Alive,50.0,0.0,No,Nonsense,,
E128-P2,E128,Female,31-40,Non-Metastatic Primary,Primary_No_Mets,Extraadrenal Abdominal,AP_PGL,Norepinephrine,NE,<0.5,Ki67_low,le5cm,No,No,p.Arg46*,WT,WT,1.92,0.8036,-0.230678869,23.543725,0,No,,Yes,50.0,0.0,Alive,50.0,0.0,No,Nonsense,,
E129-P1,E129,Female,21-30,Non-Metastatic Primary,Primary_No_Mets,Adrenal,Adrenal,Norepinephrine (Minor Dopamine),NE_DA,<0.5,Ki67_low,le5cm,No,No,p.Ile117Hisfs*5,WT,WT,3.35,0.0525,-0.203100695,31.170772,0,No,,Yes,75.0,0.0,Alive,75.0,0.0,Yes,Frameshift,,
E130-P1,E130,Male,21-30,Non-Metastatic Primary,Primary_No_Mets,Extraadrenal Abdominal,AP_PGL,Norepinephrine,NE,<0.5,Ki67_low,le5cm,No,No,p.Ile127Ser,WT,WT,3.65,0.0384,-0.220738552,73.513092,0,No,,No,52.0,1.0,Deceased,52.0,0.0,Not applicable,Missense,142.0,Moderately_Radical
E131-P1,E131,Male,21-30,Non-Metastatic Primary,Primary_No_Mets,Extraadrenal Thoracic,T_PGL,Norepinephrine,NE,<0.5,Ki67_low,le5cm,No,No,p.Val140Phe,WT,WT,1.92,0.7883,0.009957756,67.624844,0,No,,Yes,17.0,0.0,Alive,17.0,0.0,Yes,Missense,50.0,Conservative
E132-M1,E132,Female,31-40,Metastasis,Metastasis,Metastasis Lymph Node Illiac,Metastatic,Norepinephrine,NE,<0.5,Ki67_low,gt5cm,No,No,p.Arg115*,TERT,TERT_altered,3.8,0.0,-0.263347133,47.375234,0,No,,Yes,153.0,1.0,Deceased,0.0,1.0,Not applicable,Nonsense,,
E132-R1,E132,Female,31-40,Metastatic Local Recurrence,Metastasis,Extraadrenal Bladder,AP_PGL,Norepinephrine,NE,<0.5,Ki67_low,gt5cm,Yes (CVD - 2 Cycles),Yes,p.Arg115*,TERT,TERT_altered,3.7,0.0,-0.604220268,62.785717,0,No,,Yes,153.0,1.0,Deceased,0.0,1.0,Not applicable,Nonsense,,
E133-P1,E133,Male,51-60,Non-Metastatic Primary,Primary_No_Mets,Extraadrenal Abdominal,AP_PGL,Dopamine,DA,1,Ki67_low,le5cm,No,No,p.Arg46*,WT,WT,1.92,0.821,0.072157568,47.133441,0,No,,No,12.0,0.0,Alive,12.0,0.0,Yes,Nonsense,,
E134-P1,E134,Female,11-20,Non-Metastatic Primary,Primary_No_Mets,Head Neck Carotid,HNPGL,Non Secreting,Non_Secreting,5,Ki67_1_5,le5cm,No,No,p.Val140Phe,WT,WT,1.88,0.8752,1.381047658,39.776273,0,No,,No,25.0,0.0,Alive,25.0,0.0,Yes,Missense,50.0,Conservative
E135-P1,E135,Male,31-40,Non-Metastatic Primary,Primary_No_Mets,Head Neck Carotid,HNPGL,Non Secreting,Non_Secreting,,,gt5cm,No,No,p.Arg46Gln,WT,WT,1.9,0.8384,0.150434252,80.847859,0,No,,No,124.0,1.0,Deceased,124.0,0.0,Not applicable,Missense,43.0,Conservative
E136-P1,E136,Female,11-20,Non-Metastatic Primary,Primary_No_Mets,Extraadrenal Abdominal,AP_PGL,Norepinephrine,NE,<0.5,Ki67_low,le5cm,No,No,p.Ile127Ser,WT,WT,1.88,0.7215,-0.290282138,79.556982,0,No,,No,96.0,0.0,Alive,12.0,1.0,Yes,Missense,142.0,Moderately_Radical
E136-P2,E136,Female,11-20,Non-Metastatic Primary,Primary_No_Mets,Extraadrenal Abdominal,AP_PGL,Norepinephrine,NE,5,Ki67_1_5,le5cm,No,No,p.Ile127Ser,WT,WT,1.94,0.9392,0.030801714,116.057206,0,No,,No,96.0,0.0,Alive,12.0,1.0,Yes,Missense,142.0,Moderately_Radical
E138-P1,E138,Female,51-60,Non-Metastatic Primary,Primary_No_Mets,Head Neck Carotid,HNPGL,Non Secreting,Non_Secreting,2,Ki67_1_5,le5cm,No,No,p.Ile127Ser,WT,WT,1.66,0.5108,-0.023166243,59.151543,Chr2,Yes,Chr2,Yes,25.0,0.0,Alive,25.0,0.0,Yes,Missense,142.0,Moderately_Radical
E140-P1,E140,Female,41-50,Primary (Metastasis Reported),Primary_With_Mets,Adrenal,Adrenal,Norepinephrine,NE,,,gt5cm,No,No,p.Ile127Ser,ATRX,ATRX_altered,1.94,0.9384,1.10226369,165.117344,0,No,,,108.0,1.0,Deceased,48.0,1.0,Not applicable,Missense,142.0,Moderately_Radical
E141-P1,E141,Male,31-40,Primary (Short Follow Up),Primary_No_Mets,Extraadrenal Abdominal,AP_PGL,Norepinephrine,NE,<0.5,Ki67_low,le5cm,No,No,p.Tyr61*,WT,WT,1.8,0.6096,0.134423388,45.788915,0,No,,Yes,0.0,0.0,Alive,0.0,0.0,Yes,Nonsense,,
E142-P1,E142,Male,31-40,Primary (Metastasis Reported),Primary_With_Mets,Adrenal,Adrenal,Non Secreting,Non_Secreting,,,,No,No,p.Cys196Tyr,WT,WT,1.96,0.8343,-0.213317993,26.339074,0,No,,No,153.0,1.0,Deceased,0.0,1.0,Not applicable,Missense,194.0,Radical
E143-M1,E143,Male,31-40,Metastasis,Metastasis,Metastasis Abdominal,Metastatic,Dopamine,DA,4,Ki67_1_5,gt5cm,No,No,p.Arg90*,TERT,TERT_altered,1.84,0.6668,-0.537066743,33.957012,0,No,,Yes,169.0,0.0,Alive,41.0,1.0,No,Nonsense,,
E143-M2,E143,Male,31-40,Metastasis,Metastasis,Metastasis Paraaortic,Metastatic,Dopamine,DA,8,Ki67_5_10,gt5cm,Yes (CVD - 14 Cycles),Yes,p.Arg90*,TERT,TERT_altered,1.82,0.6759,0.104242618,41.772023,0,No,,Yes,169.0,0.0,Alive,41.0,1.0,No,Nonsense,,
E143-P1,E143,Male,31-40,Metastatic Primary,Primary_With_Mets,Extraadrenal Abdominal,AP_PGL,Dopamine,DA,2,Ki67_1_5,gt5cm,No,No,p.Arg90*,TERT,TERT_altered,1.86,0.699,1.515909296,167.063905,0,No,,Yes,169.0,0.0,Alive,41.0,1.0,No,Nonsense,,
E146-M1,E146,Male,41-50,Metastasis,Metastasis,Metastasis Bone,Metastatic,Norepinephrine,NE,,,,No,No,p.Arg46*,TERT,TERT_altered,2.0,0.8703,-0.323330274,59.122591,0,No,,Yes,73.0,1.0,Deceased,0.0,1.0,Not applicable,Nonsense,,
E146-P1,E146,Male,41-50,Metastatic Primary,Primary_With_Mets,Extraadrenal Abdominal,AP_PGL,Norepinephrine,NE,3,Ki67_1_5,,Yes (CVD - 26 Cycles),Yes,p.Arg46*,WT,WT,1.94,0.9224,-0.152752766,107.07209,0,No,,Yes,73.0,1.0,Deceased,0.0,1.0,Not applicable,Nonsense,,
E147-P1,E147,Male,11-20,Non-Metastatic Primary,Primary_No_Mets,Extraadrenal Abdominal,AP_PGL,Non Secreting,Non_Secreting,3,Ki67_1_5,le5cm,No,No,p.Arg90*,WT,WT,2.0,0.8611,-0.392648342,43.639417,0,No,,Yes,115.0,0.0,Alive,115.0,0.0,Yes,Nonsense,,
E148-P1,E148,Male,41-50,Non-Metastatic Primary,Primary_No_Mets,Extraadrenal Thoracic Mediastinum,T_PGL,Dopamine,DA,1.5,Ki67_1_5,le5cm,No,No,p.Val140Phe,WT,WT,1.92,0.9089,-0.466730495,1.44171,0,No,,Yes,147.0,0.0,Alive,147.0,0.0,Yes,Missense,50.0,Conservative
E149-P1,E149,Female,11-20,Primary (Metastasis Reported),Primary_With_Mets,Head Neck Carotid,HNPGL,Non Secreting,Non_Secreting,2,Ki67_1_5,gt5cm,No,No,p.Val140Phe,WT,WT,1.94,0.941,0.084199489,112.009627,0,No,,Yes,281.0,0.0,Alive,108.0,1.0,No,Missense,50.0,Conservative
E150-P1,E150,Female,41-50,Primary (Metastasis Reported),Primary_With_Mets,Extraadrenal Abdominal,AP_PGL,Norepinephrine,NE,<0.5,Ki67_low,le5cm,No,No,p.Val140Phe,WT,WT,1.94,0.7485,-0.465230901,55.426741,0,No,,Yes,123.0,0.0,Alive,29.0,1.0,No,Missense,50.0,Conservative
E151-P1,E151,Male,31-40,Primary (Metastasis Reported),Primary_With_Mets,Extraadrenal Abdominal,AP_PGL,Norepinephrine,NE,<0.5,Ki67_low,,No,No,p.1_24del,WT,WT,1.84,0.7428,0.081028679,64.158736,0,No,,Yes,142.0,0.0,Alive,0.0,1.0,No,Deletion,,
E152-P1,E152,Male,11-20,Primary (Short Follow Up),Primary_No_Mets,Extraadrenal Abdominal,AP_PGL,Non Secreting,Non_Secreting,5,Ki67_1_5,le5cm,No,No,p.180_280del,WT,WT,1.96,0.8351,-0.447806288,42.034184,0,No,,No,0.0,0.0,Alive,0.0,0.0,Yes,Deletion,,
E153-P1,E153,Male,11-20,Primary (Short Follow Up),Primary_No_Mets,Extraadrenal Abdominal,AP_PGL,,,,,,No,No,p.Cys192Arg,WT,WT,1.94,0.9402,-0.173750637,24.973467,0,No,,,,,No data,,,No data,Missense,180.0,Radical
E155-P1,E155,Male,31-40,Non-Metastatic Primary,Primary_No_Mets,Extraadrenal Thoracic Mediastinum,T_PGL,Dopamine,DA,1,Ki67_low,le5cm,No,No,p.Arg90*,WT,WT,1.92,0.9061,-0.106232074,62.974886,0,No,,Yes,56.0,0.0,Alive,56.0,0.0,Yes,Nonsense,,
E156-P1,E156,Female,61-70,Primary (Short Follow Up),Primary_No_Mets,Extraadrenal Bladder,AP_PGL,Norepinephrine (Minor Dopamine),NE_DA,6,Ki67_5_10,gt5cm,No,No,p.Glu176*,TERT,TERT_altered,3.55,0.0,-0.209982102,103.119503,0,No,,Yes,11.0,0.0,Alive,11.0,0.0,Yes,Nonsense,,
E157-P1,E157,Female,21-30,Non-Metastatic Primary,Primary_No_Mets,Extraadrenal Abdominal,AP_PGL,Norepinephrine,NE,1,Ki67_low,gt5cm,No,No,p.Arg46Gln,WT,WT,3.65,0.0387,-0.497632432,37.24246,0,No,,Yes,18.0,0.0,Alive,18.0,0.0,Yes,Missense,43.0,Conservative
E158-M1,E158,Male,11-20,Metastasis,Metastasis,Metastasis Lymph Node,Metastatic,Norepinephrine,NE,5,Ki67_1_5,le5cm,No,No,p.Val140Phe,WT,WT,1.98,0.8991,-0.359895338,34.085812,0,No,,No,98.0,0.0,Alive,28.0,1.0,Yes,Missense,50.0,Conservative
E158-P1,E158,Male,11-20,Metastatic Primary,Primary_With_Mets,Extraadrenal Abdominal,AP_PGL,Norepinephrine,NE,3,Ki67_1_5,le5cm,No,No,p.Val140Phe,WT,WT,1.98,0.909,-0.44008483,66.480615,0,No,,No,98.0,0.0,Alive,28.0,1.0,Yes,Missense,50.0,Conservative
E159-M1,E159,Female,11-20,Metastasis,Metastasis,Metastasis Pelvis,Metastatic,Norepinephrine (Minor Dopamine),NE_DA,3,Ki67_1_5,,No,No,p.Val140Phe,WT,WT,1.94,0.9386,0.030532602,32.646779,0,No,,Yes,101.0,0.0,Alive,0.0,1.0,No,Missense,50.0,Conservative
E159-M2,E159,Female,11-20,Metastasis,Metastasis,Metastasis Pelvis,Metastatic,Norepinephrine (Minor Dopamine),NE_DA,5,Ki67_1_5,,No,No,p.Val140Phe,WT,WT,1.94,0.9374,-0.279323944,89.09204,0,No,,Yes,101.0,0.0,Alive,0.0,1.0,No,Missense,50.0,Conservative
E159-P2,E159,Female,11-20,Primary (Metastasis Reported),Primary_With_Mets,Extraadrenal Thoracic,T_PGL,Norepinephrine (Minor Dopamine),NE_DA,7,Ki67_5_10,,No,No,p.Val140Phe,WT,WT,1.92,0.7379,0.089426823,47.865288,0,No,,Yes,101.0,0.0,Alive,0.0,1.0,No,Missense,50.0,Conservative
E160-P1,E160,Male,11-20,Primary (Metastasis Reported),Primary_With_Mets,Head Neck Carotid,HNPGL,Norepinephrine,NE,4,Ki67_1_5,,No,No,p.Arg242His,WT,WT,1.84,0.8236,0.055337059,26.108521,0,No,,Yes,20.0,0.0,Alive,0.0,1.0,No,Missense,29.0,Conservative
E161-P1,E161,Male,51-60,Primary (Metastasis Reported),Primary_With_Mets,Extraadrenal Abdominal,AP_PGL,Norepinephrine,NE,0.5,Ki67_low,,No,No,p.Arg230His,WT,WT,1.9,0.7975,-0.073530382,30.307354,0,No,,Yes,7.0,0.0,Alive,0.0,1.0,No,Missense,29.0,Conservative
E162-P1,E162,Female,31-40,Non-Metastatic Primary,Primary_No_Mets,Head Neck Carotid,HNPGL,Dopamine,DA,2,Ki67_1_5,le5cm,No,No,p.Glu175Lysfs*45,WT,WT,1.92,0.8824,-0.373671113,36.009994,0,No,,No,77.0,0.0,Alive,77.0,0.0,Yes,Frameshift,,
E163-P1,E163,Male,51-60,Non-Metastatic Primary,Primary_No_Mets,Head Neck Nasopharyngeal,HNPGL,Dopamine,DA,<0.5,Ki67_low,le5cm,No,No,p.Arg230His,WT,WT,1.9,0.8511,-0.207997918,86.305311,0,No,,Yes,106.0,0.0,Alive,106.0,1.0,No,Missense,29.0,Conservative
E164-P1,E164,Female,0-10,Primary (Metastasis Reported),Primary_With_Mets,Extraadrenal Abdominal,AP_PGL,Norepinephrine,NE,0.5,Ki67_low,,No,No,p.1_24del,WT,WT,3.85,0.0,-0.282459854,86.873633,0,No,,Yes,28.0,0.0,Alive,0.0,1.0,Yes,Deletion,,
E165-P1,E165,Male,11-20,Non-Metastatic Primary,Primary_No_Mets,Extraadrenal Abdominal,AP_PGL,Norepinephrine,NE,<0.5,Ki67_low,le5cm,No,No,p.Arg46*,WT,WT,1.9,0.8404,-0.518237047,18.298276,0,No,,Yes,48.0,0.0,Alive,48.0,0.0,No,Nonsense,,
E166-M1,E166,Male,41-50,Metastasis,Metastasis,Metastasis Abdominal,Metastatic,Norepinephrine,NE,4,Ki67_1_5,,No,No,splice_variant,ATRX,ATRX_altered,1.8,0.7189,1.431851413,210.803602,0,No,,Yes,148.0,1.0,Deceased,0.0,1.0,Not applicable,Splice,,
E167-M1,E167,Female,11-20,Metastasis,Metastasis,Metastasis Liver,Metastatic,Norepinephrine,NE,3,Ki67_1_5,gt5cm,Yes (I131-MIBG - 5.3 Gbq),Yes,p.Arg46*,TERT,TERT_altered,1.98,0.7297,-0.011946479,55.884504,0,No,,Yes,227.0,1.0,Deceased,155.0,1.0,Not applicable,Nonsense,,
E167-M2,E167,Female,11-20,Metastasis,Metastasis,Metastasis Cranial Subdural Epidural,Metastatic,Norepinephrine,NE,Na,,gt5cm,Yes (CVD - 22 Cycles;I131-MIBG - 5.3 Gbq),Yes,p.Arg46*,TERT,TERT_altered,2.08,0.7967,-0.613251888,35.294423,0,No,,Yes,227.0,1.0,Deceased,155.0,1.0,Not applicable,Nonsense,,
E168-P1,E168,Male,11-20,Primary (Short Follow Up),Primary_No_Mets,Adrenal Left,Adrenal,Norepinephrine,NE,,,gt5cm,No,No,p.Tyr61*,WT,WT,1.94,0.8079,-0.318151245,10.365909,0,No,,No,,0.0,Alive,,,Yes,Nonsense,,
E169-M1,E169,Male,31-40,Metastasis,Metastasis,Metastasis Lung,Metastatic,Norepinephrine,NE,8,Ki67_5_10,,No,No,p.Pro197Arg,TERT,TERT_altered,1.94,0.7661,-0.08299642,18.576636,0,No,,Yes,72.0,1.0,Deceased,0.0,1.0,Not applicable,Missense,103.0,Moderately_Radical
E169-M2,E169,Male,31-40,Metastasis,Metastasis,Metastasis Paraspinal,Metastatic,Norepinephrine,NE,4,Ki67_1_5,,Yes (CVD - 23 Cycles),Yes,p.Pro197Arg,TERT,TERT_altered,1.9,0.7166,-0.210072855,55.999345,0,No,,Yes,72.0,1.0,Deceased,0.0,1.0,Not applicable,Missense,103.0,Moderately_Radical
E170-P1,E170,Female,11-20,Primary (Metastasis Reported),Primary_With_Mets,Extraadrenal Bladder,AP_PGL,Norepinephrine,NE,,,,No,No,p.Ile127Ser,WT,WT,1.96,0.8868,-0.243290901,37.512799,0,No,,Yes,71.0,0.0,Alive,0.0,1.0,No,Missense,142.0,Moderately_Radical
E171-M1,E171,Female,11-20,Metastasis,Metastasis,Metastasis Chestwall Left Rib5-9,Metastatic,Non Secreting,Non_Secreting,,,le5cm,Yes (I131-MIBG - 33 Gbq;Carboplatin - 3 Cycles),Yes,p.Ile246Phe,WT,WT,2.04,0.7098,-0.318537154,128.534162,0,No,,Yes,280.0,0.0,Alive,48.0,1.0,No,Missense,21.0,Conservative
E179-P1,E179,Female,21-30,Primary (Metastasis Reported),Primary_With_Mets,Head Neck Vegus,HNPGL,Non Secreting,Non_Secreting,2,Ki67_1_5,,No,No,p.Lys167*,WT,WT,1.92,0.8889,-0.035796269,57.567584,0,No,,No,41.0,0.0,Alive,0.0,1.0,Yes,Nonsense,,
E180-P1,E180,Male,21-30,Non-Metastatic Primary,Primary_No_Mets,Extraadrenal Abdominal,AP_PGL,Norepinephrine,NE,<0.5,Ki67_low,le5cm,No,No,splice_variant,WT,WT,1.94,0.8011,-0.185937842,44.850608,Chr3&Chr11,Yes,Chr3&Chr11,No,84.7,0.0,Alive,84.7,0.0,Yes,Splice,,
E182-P1,E182,Female,31-40,Non-Metastatic Primary,Primary_No_Mets,Extraadrenal Abdominal,AP_PGL,Norepinephrine,NE,<0.5,Ki67_low,le5cm,No,No,p.Arg242His,WT,WT,1.86,0.8452,-1.038904075,85.770299,0,No,,No,72.3,0.0,Alive,72.3,0.0,Yes,Missense,29.0,Conservative
E183-P1,E183,Male,11-20,Non-Metastatic Primary,Primary_No_Mets,Extraadrenal Abdominal,AP_PGL,Non Secreting,Non_Secreting,0.5,Ki67_low,gt5cm,No,No,p.Arg46*,WT,WT,1.92,0.9,-0.59113734,27.728426,0,No,,No,28.3,0.0,Alive,28.3,0.0,Yes,Nonsense,,
E184-P1,E184,Male,21-30,Non-Metastatic Primary,Primary_No_Mets,Extraadrenal Abdominal,AP_PGL,Norepinephrine,NE,0.5,Ki67_low,le5cm,No,No,p.Arg46*,WT,WT,1.9,0.8358,-0.168664139,64.432295,0,No,,No,55.6,0.0,Alive,55.6,0.0,Yes,Nonsense,,
E185-P1,E185,Male,11-20,Non-Metastatic Primary,Primary_No_Mets,Head Neck Carotid,HNPGL,Norepinephrine,NE,<0.5,Ki67_low,gt5cm,No,No,p.Arg90*,WT,WT,3.6,0.0,0.140623697,67.265787,0,No,,Yes,27.7,0.0,Alive,27.7,0.0,Yes,Nonsense,,
E186-P1,E186,Male,61-70,Non-Metastatic Primary,Primary_No_Mets,Head Neck Carotid,HNPGL,Non Secreting,Non_Secreting,0.5,Ki67_low,le5cm,No,No,p.Arg242Cys,WT,WT,1.88,0.618,1.276906029,139.620143,0,No,,Yes,42.0,0.0,Alive,42.0,0.0,Yes,Missense,180.0,Radical
E188-P1,E188,Male,31-40,Primary (Metastasis Reported),Primary_With_Mets,Extraadrenal Abdominal,AP_PGL,,,0.5,Ki67_low,,No,No,p.Arg230His,TERT,TERT_altered,1.9,0.7537,-0.577346501,28.921808,0,No,,Yes,5.0,,Unknown,0.0,1.0,Unknown,Missense,29.0,Conservative
E189-P1,E189,Female,31-40,Primary (Metastasis Reported),Primary_With_Mets,Extraadrenal Abdominal,AP_PGL,Norepinephrine,NE,1,Ki67_low,gt5cm,No,No,p.Pro56delYfs*5,ATRX,ATRX_altered,1.9,0.8393,0.059586531,67.154187,0,No,,Yes,96.0,1.0,Deceased,0.0,1.0,Not applicable,Frameshift,,
E190-P1,E190,Female,11-20,Non-Metastatic Primary,Primary_No_Mets,Extraadrenal Abdominal,AP_PGL,Norepinephrine,NE,7,Ki67_5_10,gt5cm,No,No,p.Arg46*,WT,WT,1.94,0.6943,-0.444452633,62.617603,0,No,,Yes,60.0,0.0,Alive,60.0,0.0,Yes,Nonsense,,
E192-P1,E192,Male,11-20,Non-Metastatic Primary,Primary_No_Mets,Extraadrenal Abdominal,AP_PGL,Norepinephrine,NE,<0.5,Ki67_low,le5cm,No,No,p.del1_66,WT,WT,2.0,0.894,0.146257108,59.277118,0,No,,Yes,180.0,0.0,Alive,180.0,0.0,Yes,Deletion,,
E193-R1,E193,Female,41-50,Local Recurrence (Metastasis Reported),Primary_With_Mets,Extraadrenal Bladder,AP_PGL,Norepinephrine,NE,<0.5,Ki67_low,,Yes (CVD - Unknown;I131-MIBG - Unknown),Yes,p.Gly96Asp,TERT,TERT_altered,2.0,0.7996,-0.487869799,28.664071,0,No,,Yes,60.0,1.0,Deceased,0.0,1.0,Not applicable,Missense,94.0,Moderately_Conservative
E195-P1,E195,Female,21-30,Primary (Metastasis Reported),Primary_With_Mets,Head Neck Carotid,HNPGL,Non Secreting,Non_Secreting,8,Ki67_5_10,le5cm,No,No,p.Arg230Cys,WT,WT,1.9,0.8635,0.066165877,47.693751,0,No,,,108.0,0.0,Alive,0.0,1.0,No data,Missense,180.0,Radical
E196-P1,E196,Female,51-60,Non-Metastatic Primary,Primary_No_Mets,Head Neck Carotid,HNPGL,Dopamine,DA,1,Ki67_low,gt5cm,No,No,p.Trp200Cys,WT,WT,1.88,0.8533,-0.225580802,51.256926,0,No,,,57.0,0.0,Alive,57.0,0.0,Yes,Missense,215.0,Radical
E197-M1,E197,Male,41-50,Metastasis,Metastasis,Metastasis Thoracic Mediastinum Lymphnode,Metastatic,,,22,Ki67_high,,No,No,p.1_24del,ATRX,ATRX_altered,1.9,0.6576,0.479147533,23.603275,0,No,,,156.0,0.0,Alive,156.0,0.0,Yes,Deletion,,
E198-P1,E198,Female,51-60,Non-Metastatic Primary,Primary_No_Mets,Head Neck Carotid,HNPGL,Non Secreting,Non_Secreting,1,Ki67_low,le5cm,No,No,p.Trp200Cys,WT,WT,1.86,0.8221,0.161435758,34.885974,Chr17&Chr22(Exchange),Yes,Chr17&Chr22(Exchange),,60.0,,No data,60.0,0.0,No data,Missense,215.0,Radical
E199-R1,E199,Male,11-20,Local Recurrence (Metastasis Reported),Primary_With_Mets,Extraadrenal Abdominal,AP_PGL,Norepinephrine,NE,<0.5,Ki67_low,le5cm,No,No,p.Leu207Argfs*14,WT,WT,1.9,0.8753,-0.124793531,23.036324,0,No,,Yes,300.0,0.0,Alive,216.0,1.0,No,Frameshift,,
E200-P1,E200,Male,61-70,Primary (Metastasis Reported),Primary_With_Mets,Extraadrenal Abdominal,AP_PGL,Norepinephrine,NE,<0.5,Ki67_low,gt5cm,No,No,p.1_24del,TERT,TERT_altered,1.84,0.7927,-0.626706615,23.192868,0,No,,Yes,44.0,1.0,Deceased,0.0,1.0,Not applicable,Deletion,,
E201-P1,E201,Male,21-30,Primary (Metastasis Reported),Primary_With_Mets,Extraadrenal Abdominal,AP_PGL,Norepinephrine (Minor Dopamine),NE_DA,5,Ki67_1_5,gt5cm,No,No,p.1_24del,TERT,TERT_altered,2.0,0.9087,-0.262398679,21.336164,0,No,,Yes,35.0,1.0,Deceased,30.0,1.0,Not applicable,Deletion,,
E202-P1,E202,Male,21-30,Primary (Short Follow Up),Primary_No_Mets,Extraadrenal Bladder,AP_PGL,,,,,le5cm,No,No,p.Ile127Ser,WT,WT,1.86,0.8601,-0.007649656,28.349343,0,No,,,6.0,,No data,6.0,0.0,No data,Missense,142.0,Moderately_Radical
E203-P1,E203,Male,11-20,Primary (Short Follow Up),Primary_No_Mets,Extraadrenal Abdominal,AP_PGL,,,2,Ki67_1_5,le5cm,No,No,p.Val140Phe,WT,WT,1.94,0.9372,-0.399724435,25.51858,0,No,,,12.0,,No data,12.0,0.0,No data,Missense,50.0,Conservative
E204-M1,E204,Male,21-30,Metastasis,Metastasis,Metastasis,Metastatic,,,12,Ki67_high,,No,No,p.Arg242His,TERT,TERT_altered,1.86,0.8509,-0.669323033,24.981637,0,No,,,,,No data,0.0,1.0,,Missense,29.0,Conservative
E223-P1,E223,Male,11-20,Non-Metastatic Primary,Primary_No_Mets,Extraadrenal Abdominal,AP_PGL,Norepinephrine,NE,2,Ki67_1_5,le5cm,No,No,p.Glu228Glyfs*27,WT,WT,1.98,0.907,-0.258977879,8.434141,0,No,,Yes,81.0,0.0,Alive,81.0,0.0,Yes,Frameshift,,
E224-P1,E224,Male,31-40,Non-Metastatic Primary,Primary_No_Mets,Extraadrenal Abdominal,AP_PGL,Norepinephrine And Dopamine,NE_DA,<0.5,Ki67_low,le5cm,No,No,p.Arg90*,WT,WT,1.88,0.8082,0.107981994,40.221987,0,No,,Yes,324.0,0.0,Alive,324.0,0.0,No,Nonsense,,
E225-M1,E225,Female,51-60,Metastasis,Metastasis,Metastasis,Metastatic,Non Secreting,Non_Secreting,20,Ki67_high,gt5cm,No,No,p.Asp64Thrfs*13,ATRX,ATRX_altered,1.98,0.8039,0.8557207,32.011887,0,No,,Yes,63.0,0.0,Alive,20.0,1.0,No,Frameshift,,
E225-P1,E225,Female,51-60,Metastatic Primary,Primary_With_Mets,Extraadrenal Abdominal,AP_PGL,Norepinephrine,NE,4,Ki67_1_5,gt5cm,No,No,p.Asp64Thrfs*13,ATRX,ATRX_altered,1.96,0.7863,1.289562157,32.233419,0,No,,Yes,63.0,0.0,Alive,20.0,1.0,No,Frameshift,,
E226-P1,E226,Male,11-20,Non-Metastatic Primary,Primary_No_Mets,Extraadrenal Abdominal,AP_PGL,Norepinephrine,NE,<1,Ki67_low,gt5cm,No,No,p.Arg90*,WT,WT,1.92,0.8261,-0.031719788,13.937914,0,No,,Yes,456.0,0.0,Alive,456.0,0.0,Yes,Nonsense,,
E228-P1,E228,Female,41-50,Non-Metastatic Primary,Primary_No_Mets,Extraadrenal Abdominal,AP_PGL,Non Secreting,Non_Secreting,2,Ki67_1_5,,No,No,p.Arg230His,WT,WT,1.88,0.8054,-0.127787996,21.315216,0,No,,,40.0,0.0,Alive,40.0,0.0,Yes,Missense,29.0,Conservative
E229-P1,E229,Male,21-30,Non-Metastatic Primary,Primary_No_Mets,Extraadrenal Abdominal,AP_PGL,Norepinephrine,NE,3.5,Ki67_1_5,le5cm,No,No,p.Arg230His,WT,WT,1.92,0.9012,-0.035188726,34.594148,0,No,,Yes,37.0,0.0,Alive,37.0,0.0,No,Missense,29.0,Conservative
E229-P2,E229,Male,21-30,Non-Metastatic Primary,Primary_No_Mets,Extraadrenal Abdominal,AP_PGL,Norepinephrine,NE,3.5,Ki67_1_5,le5cm,No,No,p.Arg230His,WT,WT,1.84,0.7507,-0.080413524,13.841634,0,No,,Yes,37.0,0.0,Alive,37.0,0.0,No,Missense,29.0,Conservative
E230-P1,E230,Female,61-70,Non-Metastatic Primary,Primary_No_Mets,Extraadrenal Abdominal,AP_PGL,,,<0.5,Ki67_low,le5cm,No,No,p.Arg46Gln,WT,WT,1.9,0.7804,0.053389852,15.822689,0,No,,No,32.0,0.0,Alive,32.0,0.0,Yes,Missense,43.0,Conservative
E231-P1,E231,Male,51-60,Primary (Metastasis Reported),Primary_With_Mets,Extraadrenal Abdominal,AP_PGL,Non Secreting,Non_Secreting,<0.5,Ki67_low,,No,No,p.Arg230His,ATRX,ATRX_altered,1.8,0.8012,1.517988777,39.388082,Chr3q,Yes,Chr3q,Yes,16.0,1.0,Deceased,0.0,1.0,Not applicable,Missense,29.0,Conservative
