Sample ID,Sample Type,Gender,mRNA Subtype Clusters,UBTF~MAML3_fusion,~MAML3_fusion,~BRAF_fusion,~NGFR_fusion,NF1~_fusion,HRAS Somatic Mutation,RET Somatic Mutation,EPAS1 Somatic Mutation,NF1 Somatic Mutation,CSDE1 Somatic Mutation,BRAF Somatic Mutation,VHL Somatic Mutation,FGFR1 Somatic Mutation,ATRX Somatic Mutation,ARNT Somatic Mutation,SETD2 Somatic Mutation,IDH1 Somatic Mutation,EGLN1 Germline Mutation,MAX Germline Mutation,NF1 Germline Mutation,RET Germline Mutation,SDHB Germline Mutation,SDHD Germline Mutation,TMEM127 Germline Mutation,VHL Germline Mutation,Race,Ethnicity,Age at Initial Pathologic Diagnosis,Vital Status,Pheochromocytoma or Paraganglioma,Tumor Location,Specific Tumor Location,Clinically Aggressive and/or Metastatic,Normetanephrine secreting,Norepinephrine Secreting,Epinephrine Secreting,Metanephrine Secreting,Methoxytyramine Secreting,Dopamine Secreting,Max Days of Follow-up from Initial Surgery,Event Free Days (Aggressive disease),Event Free Days (Distant Metastasis),Methylation Cluster,Leukocyte Index Methylation,RPPA Cluster,Genotype,Primary_Genotype,Metastatic,Location,Sample_Type
TCGA-P7-A5NY-01A,Primary solid Tumor,Female,Kinase signaling,0,0,0,0,0,0,0,0,0,0,0,0,0,0,0,0,0,,,,p.C634R,,,,,White,Not Hispanic or Latino,21.0,Alive,pheochromocytoma,adrenal,Adrenal,No,,,,,,,957.0,957.0,957.0,low-methylated,0.0635072129221082,,RET,RET,No,Adrenal (Pheo),Primary solid Tumor
TCGA-P7-A5NY-05A,Additional - New Primary,,,0,0,0,0,0,0,0,0,0,0,0,0,0,0,0,0,0,,,,p.C634R,,,,,,,,,,,,,,,,,,,,,,,0.149280740720907,,RET,RET,Unknown,Unknown,Additional - New Primary
TCGA-P8-A5KC-01A,Primary solid Tumor,Male,Wnt-altered,1,1,0,0,0,0,0,0,0,0,0,0,0,0,p.R99W,0,0,,,,,,,,,[Not Available],[Not Available],48.0,Alive,pheochromocytoma,adrenal,Adrenal,No,,,,,,,883.0,883.0,883.0,intermediate,0.166017186466126,1.0,ARNT;MAML3 fusion,ARNT,No,Adrenal (Pheo),Primary solid Tumor
TCGA-P8-A5KD-01A,Primary solid Tumor,Female,Kinase signaling,0,0,0,0,0,p.Q61R,0,0,0,0,0,0,0,0,0,0,0,,,,,,,,,[Not Available],[Not Available],35.0,Alive,pheochromocytoma,adrenal,Adrenal,No,,,,,,,69.0,69.0,69.0,low-methylated,0.134070872345533,3.0,HRAS,HRAS,No,Adrenal (Pheo),Primary solid Tumor
TCGA-P8-A6RX-01A,Primary solid Tumor,Male,Pseudohypoxia,0,0,0,0,0,0,0,0,0,0,0,0,0,0,0,0,0,,,,,,,,p.Y98H,White,Not Hispanic or Latino,65.0,Alive,paraganglioma,extra adrenal abdomen/pelvis,retrocaval retroperitoneum extra adrenal PGL,No,Yes,,,,,,540.0,540.0,540.0,hyper-methylated,0.11073316047166,2.0,VHL,VHL,No,Extra-adrenal (PGL),Primary solid Tumor
TCGA-P8-A6RY-01A,Primary solid Tumor,Male,Pseudohypoxia,0,0,0,0,0,0,0,0,0,0,0,0,0,0,0,0,0,,,,,,,,,White,Not Hispanic or Latino,55.0,Alive,pheochromocytoma,adrenal,Adrenal,No,Yes,,,Yes,,,179.0,179.0,179.0,hyper-methylated,0.0477881163268647,1.0,Sporadic/Unknown,Sporadic/Unknown,No,Adrenal (Pheo),Primary solid Tumor
TCGA-PR-A5PF-01A,Primary solid Tumor,Female,Wnt-altered,1,1,0,0,0,0,0,0,0,0,0,0,0,0,0,0,0,,,,,,,,,White,Not Hispanic or Latino,62.0,Alive,pheochromocytoma,adrenal,Adrenal,No,,,,,,,546.0,546.0,546.0,low-methylated,0.073169893849984,1.0,MAML3 fusion,MAML3 fusion,No,Adrenal (Pheo),Primary solid Tumor
TCGA-PR-A5PG-01A,Primary solid Tumor,Female,Kinase signaling,0,0,0,0,0,p.G13R,0,0,0,0,0,0,0,0,0,0,0,,,,,,,,,White,Not Hispanic or Latino,42.0,Alive,pheochromocytoma,adrenal,Adrenal,Yes,,,,,,,2485.0,2278.0,2278.0,low-methylated,0.078381684204587,3.0,HRAS,HRAS,Yes,Adrenal (Pheo),Primary solid Tumor
TCGA-PR-A5PH-01A,Primary solid Tumor,Male,Wnt-altered,1,1,0,0,0,0,0,0,0,0,0,0,0,0,0,0,0,,,,,,,,,White,Not Hispanic or Latino,47.0,Alive,pheochromocytoma,adrenal,Adrenal,No,,,,,,,854.0,854.0,854.0,intermediate,0.065933260301621,1.0,MAML3 fusion,MAML3 fusion,No,Adrenal (Pheo),Primary solid Tumor
TCGA-QR-A6GO-01A,Primary solid Tumor,Male,Kinase signaling,0,0,0,0,0,0,0,0,0,0,0,0,0,0,0,0,0,,,,,,,,,White,Not Hispanic or Latino,43.0,Alive,pheochromocytoma,adrenal,Adrenal,No,Yes,Yes,Yes,Yes,,,1065.0,1065.0,1065.0,low-methylated,0.114810596615662,2.0,Sporadic/Unknown,Sporadic/Unknown,No,Adrenal (Pheo),Primary solid Tumor
TCGA-QR-A6GR-01A,Primary solid Tumor,Female,Cortical admixture,0,0,0,0,0,0,0,0,0,0,0,0,0,0,0,0,0,,,,,,,,,White,[Not Available],30.0,Alive,pheochromocytoma,adrenal,Adrenal,No,Yes,Yes,Yes,Yes,,,703.0,703.0,703.0,low-methylated,0.128980970491365,,Sporadic/Unknown,Sporadic/Unknown,No,Adrenal (Pheo),Primary solid Tumor
TCGA-QR-A6GS-01A,Primary solid Tumor,Female,Kinase signaling,0,0,0,0,0,0,0,0,Splice_Site,0,0,0,0,0,0,0,0,,,,,,,,,White,[Not Available],51.0,Alive,pheochromocytoma,adrenal,Adrenal,No,Yes,Yes,Yes,Yes,,,38.0,38.0,38.0,low-methylated,0.107375481103045,,NF1,NF1,No,Adrenal (Pheo),Primary solid Tumor
TCGA-QR-A6GT-01A,Primary solid Tumor,Female,Pseudohypoxia,0,0,0,0,0,0,0,0,0,0,0,0,0,p.K495fs,0,0,0,,,,,p.I127S,,,,White,Not Hispanic or Latino,63.0,Alive,paraganglioma,extra adrenal abdomen/pelvis,peri-renal extra adrenal PGL,Yes,Yes,Yes,,,Yes,Yes,4185.0,1476.0,1476.0,hyper-methylated,0.176773262114865,1.0,SDHx,Sporadic/Unknown,Yes,Extra-adrenal (PGL),Primary solid Tumor
TCGA-QR-A6GU-01A,Primary solid Tumor,Male,Pseudohypoxia,0,0,0,0,0,0,0,0,0,0,0,0,0,0,0,0,0,,,,,,Splice Site,,,White,Not Hispanic or Latino,31.0,Alive,pheochromocytoma,adrenal,Adrenal,No,Yes,Yes,,,,Yes,1791.0,1791.0,1791.0,hyper-methylated,0.0620808940619606,1.0,SDHx,SDHx,No,Adrenal (Pheo),Primary solid Tumor
TCGA-QR-A6GW-01A,Primary solid Tumor,Female,Kinase signaling,0,0,0,0,0,p.Q61R,0,0,0,0,0,0,0,0,0,0,0,,,,,,,,,White,Not Hispanic or Latino,53.0,Alive,pheochromocytoma,adrenal,Adrenal,No,Yes,,Yes,Yes,,,491.0,491.0,491.0,low-methylated,0.0862478919915775,,HRAS,HRAS,No,Adrenal (Pheo),Primary solid Tumor
TCGA-QR-A6GY-01A,Primary solid Tumor,Female,Wnt-altered,0,0,0,0,0,0,0,0,0,0,0,0,0,0,0,0,0,,,,,,,,,White,Not Hispanic or Latino,37.0,Alive,pheochromocytoma,adrenal,Adrenal,No,Yes,Yes,,Yes,,,32.0,32.0,32.0,low-methylated,0.0490060486656296,,Sporadic/Unknown,Sporadic/Unknown,No,Adrenal (Pheo),Primary solid Tumor
TCGA-QR-A6GZ-05A,Additional - New Primary,,,0,0,0,0,0,0,0,0,0,0,0,0,0,0,0,0,0,,,,,,,,p.Y98H,,,,,,,,,,,,,,,,,,,0.0708726967969288,3.0,VHL,VHL,Unknown,Unknown,Additional - New Primary
TCGA-QR-A6H0-01A,Primary solid Tumor,Male,Pseudohypoxia,0,0,0,0,0,0,0,0,0,0,0,0,0,0,0,0,0,,,,,p.V140F,,,,White,Not Hispanic or Latino,53.0,Alive,paraganglioma,extra adrenal thoracic,thoracic paraspinal extra adrenal PGL ,No,,,,,,Yes,280.0,280.0,280.0,hyper-methylated,0.0777012644024434,,SDHx,SDHx,No,Extra-adrenal (PGL),Primary solid Tumor
TCGA-QR-A6H1-01A,Primary solid Tumor,Male,Kinase signaling,0,0,0,0,0,0,0,0,0,0,0,0,0,0,0,0,0,,,,p.D631Y,,,,,White,Not Hispanic or Latino,55.0,Alive,pheochromocytoma,adrenal,Adrenal,No,Yes,Yes,Yes,Yes,,,431.0,431.0,431.0,low-methylated,0.117229486188867,,RET,RET,No,Adrenal (Pheo),Primary solid Tumor
TCGA-QR-A6H2-01A,Primary solid Tumor,Male,Wnt-altered,0,0,0,0,0,0,0,0,0,0,0,0,0,0,0,0,0,,,,,,,,,Asian,Not Hispanic or Latino,33.0,Alive,pheochromocytoma,adrenal,Adrenal,No,Yes,Yes,Yes,Yes,,,302.0,302.0,302.0,low-methylated,0.0824478972480732,2.0,Sporadic/Unknown,Sporadic/Unknown,No,Adrenal (Pheo),Primary solid Tumor
TCGA-QR-A6H5-01A,Primary solid Tumor,Female,Pseudohypoxia,0,0,0,0,0,0,0,0,0,0,0,p.R161Q,0,0,0,0,0,,,,,,,,,Black or African American,Not Hispanic or Latino,30.0,Alive,pheochromocytoma,adrenal,Adrenal,No,Yes,Yes,,,,,959.0,959.0,959.0,intermediate,0.136801627599718,,VHL,VHL,No,Adrenal (Pheo),Primary solid Tumor
TCGA-QR-A6H6-01A,Primary solid Tumor,Male,Pseudohypoxia,0,0,0,0,0,0,0,0,0,0,0,0,0,0,0,0,0,,,,,p.V140F,,,,White,Not Hispanic or Latino,27.0,Alive,paraganglioma,extra adrenal thoracic,thoracic paraspinal extra adrenal PGL,No,Yes,Yes,,,,,474.0,474.0,474.0,hyper-methylated,0.0577167992525977,,SDHx,SDHx,No,Extra-adrenal (PGL),Primary solid Tumor
TCGA-QR-A6ZZ-01A,Primary solid Tumor,Female,Pseudohypoxia,0,0,0,0,0,0,0,0,0,0,0,0,0,0,0,0,0,,,,,,,,p.R167Q,White,Not Hispanic or Latino,30.0,Alive,pheochromocytoma,adrenal,Adrenal,No,Yes,Yes,,,,,48.0,48.0,48.0,intermediate,0.0799520634528731,,VHL,VHL,No,Adrenal (Pheo),Primary solid Tumor
TCGA-QR-A700-01A,Primary solid Tumor,Male,Wnt-altered,0,0,0,0,0,0,0,0,0,0,0,0,0,0,0,0,0,,,,,,,,,White,[Not Available],67.0,Alive,pheochromocytoma,adrenal,Adrenal,Yes,Yes,Yes,,,,Yes,978.0,606.0,606.0,low-methylated,0.082337451975162,,Sporadic/Unknown,Sporadic/Unknown,Yes,Adrenal (Pheo),Primary solid Tumor
TCGA-QR-A702-01A,Primary solid Tumor,Female,Kinase signaling,0,0,0,0,0,0,0,0,p.L650fs,0,0,0,0,0,0,0,0,,,,,,,,,White,[Not Available],75.0,Alive,paraganglioma,extra adrenal abdomen/pelvis,retrocaval retroperitoneal extra adrenal PGL,No,Yes,,,Yes,,,39.0,39.0,39.0,low-methylated,0.0508632411988802,,NF1,NF1,No,Extra-adrenal (PGL),Primary solid Tumor
TCGA-QR-A703-01A,Primary solid Tumor,Male,Pseudohypoxia,0,0,0,0,0,0,0,0,0,0,0,0,0,0,0,0,0,,,,,,,,p.Y98H,White,[Not Available],23.0,Alive,pheochromocytoma,adrenal,Adrenal,No,Yes,Yes,,,,Yes,1167.0,1167.0,1167.0,intermediate,0.0989602876261295,,VHL,VHL,No,Adrenal (Pheo),Primary solid Tumor
TCGA-QR-A706-01A,Primary solid Tumor,Female,Pseudohypoxia,0,0,0,0,0,0,0,0,0,0,0,0,0,0,0,0,0,,,,,,,,,White,[Not Available],50.0,Alive,paraganglioma,extra adrenal thoracic,thoracic extra adrenal PGL,No,Yes,Yes,,,,,125.0,125.0,125.0,intermediate,0.103225109187064,,Sporadic/Unknown,Sporadic/Unknown,No,Extra-adrenal (PGL),Primary solid Tumor
TCGA-QR-A707-01A,Primary solid Tumor,Female,Kinase signaling,0,0,0,0,1,0,0,0,0,0,0,0,0,0,0,0,0,,,,,,,,,White,[Not Available],43.0,Alive,pheochromocytoma,adrenal,Adrenal,No,Yes,Yes,Yes,Yes,,,398.0,398.0,398.0,low-methylated,0.0591682351851366,,NF1,NF1,No,Adrenal (Pheo),Primary solid Tumor
TCGA-QR-A708-01A,Primary solid Tumor,Female,Wnt-altered,0,0,0,0,0,0,0,0,0,0,0,0,0,0,0,0,0,,,,,,,,,White,[Not Available],44.0,Alive,pheochromocytoma,adrenal,Adrenal,No,Yes,Yes,,,,Yes,35.0,35.0,35.0,intermediate,0.0641840720730493,,Sporadic/Unknown,Sporadic/Unknown,No,Adrenal (Pheo),Primary solid Tumor
TCGA-QR-A70A-01A,Primary solid Tumor,Female,Pseudohypoxia,0,0,0,0,0,0,0,0,0,0,0,0,0,p.S1251C,0,0,0,,,,,,,,,White,[Not Available],54.0,Alive,pheochromocytoma,adrenal,Adrenal,No,Yes,Yes,,,,,2119.0,2119.0,2119.0,intermediate,0.0604895903021296,,Sporadic/Unknown,Sporadic/Unknown,No,Adrenal (Pheo),Primary solid Tumor
TCGA-QR-A70C-01A,Primary solid Tumor,Female,Wnt-altered,0,0,0,0,0,0,0,0,0,0,0,0,0,0,0,0,0,,,,,,,,,Black or African American,[Not Available],51.0,Alive,pheochromocytoma,adrenal,Adrenal,No,Yes,Yes,,,,,3534.0,3534.0,3534.0,low-methylated,0.0877957450221362,,Sporadic/Unknown,Sporadic/Unknown,No,Adrenal (Pheo),Primary solid Tumor
TCGA-QR-A70D-01A,Primary solid Tumor,Female,Pseudohypoxia,0,0,0,0,0,0,0,0,0,0,0,0,0,0,0,0,0,,,,,p.R46X,,,,Black or African American,[Not Available],39.0,Alive,paraganglioma,extra adrenal abdomen/pelvis,aorto-caval peripancreatic presacral extra adrenal PGL ,No,Yes,Yes,,,,,7.0,7.0,7.0,hyper-methylated,0.0842225792752802,,SDHx,SDHx,No,Extra-adrenal (PGL),Primary solid Tumor
TCGA-QR-A70E-01A,Primary solid Tumor,Female,Pseudohypoxia,0,0,0,0,0,0,0,0,0,0,0,0,0,0,0,0,0,,,,,,,,,White,[Not Available],31.0,Alive,pheochromocytoma,adrenal,Adrenal,No,Yes,Yes,,,,,192.0,192.0,192.0,intermediate,0.0484203597616549,,Sporadic/Unknown,Sporadic/Unknown,No,Adrenal (Pheo),Primary solid Tumor
TCGA-QR-A70G-01B,Primary solid Tumor,Male,Cortical admixture,0,0,0,0,0,0,0,0,0,0,0,0,0,0,0,0,0,,,,,,,,,Black or African American,[Not Available],54.0,Alive,pheochromocytoma,adrenal,Adrenal,No,Yes,,,Yes,,,71.0,71.0,71.0,low-methylated,0.160229105381336,,Sporadic/Unknown,Sporadic/Unknown,No,Adrenal (Pheo),Primary solid Tumor
TCGA-QR-A70H-01A,Primary solid Tumor,Male,Wnt-altered,1,1,0,0,0,0,0,0,0,0,0,0,0,0,0,0,0,,,,,,,,,White,[Not Available],36.0,Alive,pheochromocytoma,adrenal,Adrenal,No,Yes,,,Yes,,,816.0,816.0,816.0,low-methylated,0.0834784484749929,,MAML3 fusion,MAML3 fusion,No,Adrenal (Pheo),Primary solid Tumor
TCGA-QR-A70I-01A,Primary solid Tumor,Male,Pseudohypoxia,0,0,0,0,0,0,0,0,0,0,0,0,0,0,0,0,0,,,,,,,,,Black or African American,[Not Available],24.0,Alive,paraganglioma,extra adrenal abdomen/pelvis,peri-aortic retroperitoneal extra adrenal PGL,No,Yes,Yes,,,,,910.0,910.0,910.0,hyper-methylated,0.106568790479505,,Sporadic/Unknown,Sporadic/Unknown,No,Extra-adrenal (PGL),Primary solid Tumor
TCGA-QR-A70J-01A,Primary solid Tumor,Female,Pseudohypoxia,0,0,0,0,0,0,0,0,0,0,0,0,0,0,0,0,0,,,p.R440X,,,,,,White,[Not Available],42.0,Alive,pheochromocytoma,adrenal,Adrenal,No,Yes,,,,,,399.0,399.0,399.0,intermediate,0.221159713783479,,NF1,NF1,No,Adrenal (Pheo),Primary solid Tumor
TCGA-QR-A70K-01A,Primary solid Tumor,Male,Kinase signaling,0,0,0,0,0,0,0,0,0,0,0,0,0,0,0,0,0,,,,,,,,,White,[Not Available],61.0,Alive,pheochromocytoma,adrenal,Adrenal,No,Yes,Yes,Yes,,,,274.0,274.0,274.0,low-methylated,0.0563802406882345,,Sporadic/Unknown,Sporadic/Unknown,No,Adrenal (Pheo),Primary solid Tumor
TCGA-QR-A70M-01A,Primary solid Tumor,Male,Kinase signaling,0,0,0,0,0,p.Q61R,0,0,0,0,0,0,0,0,0,0,0,,,,,,,,,White,[Not Available],38.0,Alive,pheochromocytoma,adrenal,Adrenal,No,Yes,Yes,Yes,,,,1034.0,1034.0,1034.0,low-methylated,0.0719911824057017,,HRAS,HRAS,No,Adrenal (Pheo),Primary solid Tumor
TCGA-QR-A70N-01A,Primary solid Tumor,Male,Pseudohypoxia,0,0,0,0,0,0,0,0,0,0,0,p.D143E,0,0,0,0,0,,,,,,,,,Black or African American,[Not Available],32.0,Alive,pheochromocytoma,adrenal,Adrenal,No,Yes,Yes,,,,,43.0,43.0,43.0,intermediate,0.114195623602608,,VHL,VHL,No,Adrenal (Pheo),Primary solid Tumor
TCGA-QR-A70P-01A,Primary solid Tumor,Female,Pseudohypoxia,0,0,0,0,0,0,0,0,0,0,0,0,0,0,0,0,0,,,,,p.V140F,,,,White,Not Hispanic or Latino,45.0,Dead,paraganglioma,extra adrenal abdomen/pelvis,aortocaval retroperitoneal extra adrenal PGL,Yes,Yes,Yes,,,,,3563.0,648.0,648.0,hyper-methylated,0.0477931533260235,,SDHx,SDHx,Yes,Extra-adrenal (PGL),Primary solid Tumor
TCGA-QR-A70R-01A,Primary solid Tumor,Male,Wnt-altered,0,0,0,0,0,0,0,0,0,0,0,0,0,0,0,0,0,,,,,,,,,White,[Not Available],43.0,Alive,pheochromocytoma,adrenal,Adrenal,No,Yes,Yes,Yes,,,,432.0,432.0,432.0,low-methylated,0.0714224829686131,,Sporadic/Unknown,Sporadic/Unknown,No,Adrenal (Pheo),Primary solid Tumor
TCGA-QR-A70T-01A,Primary solid Tumor,Female,Pseudohypoxia,0,0,0,0,0,0,0,0,0,0,0,0,0,0,0,0,0,,,,,,,,,Black or African American,[Not Available],40.0,Alive,paraganglioma,extra adrenal abdomen/pelvis,retroperitoneal extra adrenal PGL,No,Yes,,,,,,267.0,267.0,267.0,hyper-methylated,0.0451490843722031,,Sporadic/Unknown,Sporadic/Unknown,No,Extra-adrenal (PGL),Primary solid Tumor
TCGA-QR-A70U-01A,Primary solid Tumor,Female,Kinase signaling,0,0,0,0,0,0,0,0,0,0,0,0,p.N457K,0,0,0,0,,,,,,,,,White,[Not Available],46.0,Alive,pheochromocytoma,adrenal,Adrenal,No,Yes,Yes,Yes,,,,1473.0,1473.0,1473.0,low-methylated,0.0622455619717012,,FGFR1,FGFR1,No,Adrenal (Pheo),Primary solid Tumor
TCGA-QR-A70V-01A,Primary solid Tumor,Female,Kinase signaling,0,0,0,0,0,0,0,0,p.S1754fs,0,0,0,0,0,0,0,0,,,,,,,,,[Unknown],[Not Available],66.0,Alive,pheochromocytoma,adrenal,Adrenal,No,Yes,Yes,Yes,Yes,,,2.0,2.0,2.0,low-methylated,0.0379971527845813,,NF1,NF1,No,Adrenal (Pheo),Primary solid Tumor
TCGA-QR-A70W-01A,Primary solid Tumor,Male,Kinase signaling,0,0,0,0,0,p.Q61R,0,0,0,0,0,0,0,0,0,0,0,,,,,,,,,White,[Not Available],40.0,Alive,pheochromocytoma,adrenal,Adrenal,No,Yes,,Yes,Yes,,,1271.0,1271.0,1271.0,low-methylated,0.0541257672477301,3.0,HRAS,HRAS,No,Adrenal (Pheo),Primary solid Tumor
TCGA-QR-A70X-01A,Primary solid Tumor,Female,Cortical admixture,0,0,0,0,0,0,0,0,0,0,0,0,0,0,0,0,0,,,,,,,,,Black or African American,[Not Available],46.0,Alive,pheochromocytoma,adrenal,Adrenal,No,Yes,,Yes,Yes,,,183.0,183.0,183.0,low-methylated,0.253624326689559,,Sporadic/Unknown,Sporadic/Unknown,No,Adrenal (Pheo),Primary solid Tumor
TCGA-QR-A7IN-01A,Primary solid Tumor,Female,Pseudohypoxia,0,0,0,0,0,0,0,p.P531L,0,0,0,0,0,0,0,0,0,,,,,,,,,Black or African American,[Not Available],52.0,Alive,pheochromocytoma,adrenal,Adrenal,No,Yes,Yes,,,,,377.0,377.0,377.0,intermediate,0.069365450231538,,EPAS1,EPAS1,No,Adrenal (Pheo),Primary solid Tumor
TCGA-QT-A5XJ-01A,Primary solid Tumor,Female,Pseudohypoxia,0,0,0,0,0,0,0,0,0,0,0,0,0,0,0,0,0,,,,,,,,,Black or African American,Not Hispanic or Latino,42.0,Alive,pheochromocytoma,adrenal,Adrenal,Yes,,,,,,,1102.0,77.0,77.0,hyper-methylated,0.0491257311905286,1.0,Sporadic/Unknown,Sporadic/Unknown,Yes,Adrenal (Pheo),Primary solid Tumor
TCGA-QT-A5XL-01A,Primary solid Tumor,Male,Pseudohypoxia,0,0,0,0,0,0,0,p.P531S,0,0,0,0,0,0,0,0,0,,,,,,,,,White,[Not Evaluated],27.0,Alive,pheochromocytoma,adrenal,Adrenal,No,,Yes,,,,Yes,55.0,55.0,55.0,intermediate,0.133836778996257,2.0,EPAS1,EPAS1,No,Adrenal (Pheo),Primary solid Tumor
TCGA-QT-A5XM-01A,Primary solid Tumor,Male,Kinase signaling,0,0,0,0,0,0,p.M918T,0,0,0,0,0,0,0,0,0,0,,,,,,,,,White,[Not Evaluated],43.0,Alive,pheochromocytoma,adrenal,Adrenal,No,Yes,Yes,Yes,,,,22.0,22.0,22.0,low-methylated,0.249603835726425,2.0,RET,RET,No,Adrenal (Pheo),Primary solid Tumor
TCGA-QT-A5XN-01A,Primary solid Tumor,Female,Kinase signaling,0,0,0,1,0,0,0,0,0,0,0,0,0,0,0,0,0,,,,,,,,,Black or African American,Not Hispanic or Latino,51.0,Alive,pheochromocytoma,adrenal,Adrenal,No,,,,,,,766.0,766.0,766.0,low-methylated,0.043974392800486,2.0,NGFR,NGFR,No,Adrenal (Pheo),Primary solid Tumor
TCGA-QT-A5XO-01A,Primary solid Tumor,Female,Kinase signaling,0,0,0,0,0,0,0,0,0,0,0,0,0,0,0,0,0,,,,,,,,,Black or African American,Not Hispanic or Latino,63.0,Alive,pheochromocytoma,adrenal,Adrenal,No,Yes,,,Yes,,,70.0,70.0,70.0,low-methylated,0.0760223863649527,2.0,Sporadic/Unknown,Sporadic/Unknown,No,Adrenal (Pheo),Primary solid Tumor
TCGA-QT-A5XP-01A,Primary solid Tumor,Female,Kinase signaling,0,0,0,0,0,0,0,0,0,0,0,0,0,0,0,0,0,,,,,,,,,Black or African American,Not Hispanic or Latino,57.0,Alive,pheochromocytoma,adrenal,Adrenal,No,Yes,,,Yes,,,134.0,134.0,134.0,low-methylated,0.234458421717001,2.0,Sporadic/Unknown,Sporadic/Unknown,No,Adrenal (Pheo),Primary solid Tumor
TCGA-QT-A69Q-01A,Primary solid Tumor,Male,Wnt-altered,0,0,0,0,0,0,0,0,0,0,0,0,0,0,0,p.Q1422E,0,,,,,,,,,White,Not Hispanic or Latino,40.0,Alive,pheochromocytoma,adrenal,Adrenal,No,Yes,,,Yes,,,24.0,24.0,24.0,low-methylated,0.108193971620118,2.0,SETD2,SETD2,No,Adrenal (Pheo),Primary solid Tumor
TCGA-QT-A7U0-01A,Primary solid Tumor,Male,Pseudohypoxia,0,0,0,0,0,0,0,p.P531L,0,0,0,0,0,0,0,0,0,,,,,,,,,White,Not Hispanic or Latino,56.0,Alive,paraganglioma,extra adrenal abdomen/pelvis,retroperitoneal extra adrenal PGL,No,Yes,,,,,,398.0,398.0,398.0,intermediate,0.193440170647841,2.0,EPAS1,EPAS1,No,Extra-adrenal (PGL),Primary solid Tumor
TCGA-RT-A6Y9-01A,Primary solid Tumor,Female,Pseudohypoxia,0,0,0,0,0,0,0,0,0,0,0,0,0,0,0,0,0,,,,,,,,,White,Not Hispanic or Latino,50.0,Alive,pheochromocytoma,adrenal,Adrenal,No,Yes,,,,,,3293.0,3293.0,3293.0,intermediate,0.0878884650845983,1.0,Sporadic/Unknown,Sporadic/Unknown,No,Adrenal (Pheo),Primary solid Tumor
TCGA-RT-A6YA-01A,Primary solid Tumor,Female,Kinase signaling,0,0,0,0,0,0,0,0,c.2990G>C,0,0,0,0,0,0,0,0,,,,,,,,,White,Not Hispanic or Latino,71.0,Alive,pheochromocytoma,adrenal,Adrenal,No,Yes,Yes,Yes,Yes,,,1540.0,1540.0,1540.0,low-methylated,0.067440161860681,2.0,NF1,NF1,No,Adrenal (Pheo),Primary solid Tumor
TCGA-RT-A6YC-01A,Primary solid Tumor,Male,Kinase signaling,0,0,1,0,0,0,0,0,0,0,0,0,0,0,0,0,0,,,,,,,,,White,Not Hispanic or Latino,31.0,Alive,pheochromocytoma,adrenal,Adrenal,No,Yes,,Yes,Yes,,,246.0,246.0,246.0,low-methylated,0.139778294780869,2.0,BRAF,BRAF,No,Adrenal (Pheo),Primary solid Tumor
TCGA-RW-A67V-01A,Primary solid Tumor,Female,Wnt-altered,0,0,0,0,0,0,0,0,0,0,0,0,0,0,0,0,0,,,,,,,,,[Unknown],[Not Evaluated],44.0,Alive,pheochromocytoma,adrenal,Adrenal,Yes,,,,,,,2643.0,551.0,2643.0,low-methylated,0.0425848671585599,1.0,Sporadic/Unknown,Sporadic/Unknown,Yes,Adrenal (Pheo),Primary solid Tumor
TCGA-RW-A67W-01A,Primary solid Tumor,Female,Kinase signaling,0,0,0,0,0,0,0,0,0,0,0,0,0,0,0,0,0,,,,,,,,,[Unknown],[Not Evaluated],46.0,Alive,pheochromocytoma,adrenal,Adrenal,No,,,,,,,604.0,604.0,604.0,low-methylated,0.123388215781144,,Sporadic/Unknown,Sporadic/Unknown,No,Adrenal (Pheo),Primary solid Tumor
TCGA-RW-A67X-01A,Primary solid Tumor,Male,Pseudohypoxia,0,0,0,0,0,0,0,0,0,0,0,p.126_127insD,0,0,0,0,0,,,,,,,,,[Unknown],[Not Evaluated],47.0,Alive,pheochromocytoma,adrenal,Adrenal,No,,,,,,,89.0,89.0,89.0,intermediate,0.309773653810934,2.0,VHL,VHL,No,Adrenal (Pheo),Primary solid Tumor
TCGA-RW-A67Y-01A,Primary solid Tumor,Female,Kinase signaling,0,0,0,0,0,0,0,0,p.Q400*,0,0,0,0,0,0,0,0,,,,,,,,,[Not Evaluated],[Not Available],43.0,Alive,pheochromocytoma,adrenal,Adrenal,No,,,,,,,216.0,216.0,216.0,low-methylated,0.0293057188858955,,NF1,NF1,No,Adrenal (Pheo),Primary solid Tumor
TCGA-RW-A680-01A,Primary solid Tumor,Female,Pseudohypoxia,0,0,0,0,0,0,0,0,0,0,0,0,0,p.P1886L,0,0,0,,,,,p.R27X,,,,[Not Evaluated],[Not Available],57.0,Alive,paraganglioma,extra adrenal abdomen/pelvis,retroperitoneal extra adrenal PGL,No,,,,,,,1013.0,1013.0,1013.0,hyper-methylated,0.0787972937387815,1.0,SDHx,Sporadic/Unknown,No,Extra-adrenal (PGL),Primary solid Tumor
TCGA-RW-A681-01A,Primary solid Tumor,Male,Pseudohypoxia,0,0,0,0,0,0,0,0,0,p.KQ366fs,0,0,0,0,0,0,0,,,,,,,,,[Unknown],[Not Evaluated],56.0,Alive,pheochromocytoma,adrenal,Adrenal,No,,,,,,,724.0,724.0,724.0,low-methylated,0.0277781260854337,2.0,CSDE1,CSDE1,No,Adrenal (Pheo),Primary solid Tumor
TCGA-RW-A685-01A,Primary solid Tumor,Female,Cortical admixture,0,0,0,0,0,0,0,0,p.W784R,0,0,0,0,0,0,0,0,,,,,,,,,[Unknown],[Not Evaluated],70.0,Alive,pheochromocytoma,adrenal,Adrenal,No,,,,,,,26.0,26.0,26.0,low-methylated,0.18058499360853,3.0,NF1,NF1,No,Adrenal (Pheo),Primary solid Tumor
TCGA-RW-A686-01A,Primary solid Tumor,Male,Wnt-altered,1,1,0,0,0,0,0,0,0,0,0,0,0,0,0,0,0,,,,,,,,,[Unknown],[Not Evaluated],62.0,Alive,pheochromocytoma,adrenal,Adrenal,Yes,,,,,,,405.0,0.0,405.0,low-methylated,0.0865877349128033,,MAML3 fusion,MAML3 fusion,Yes,Adrenal (Pheo),Primary solid Tumor
TCGA-RW-A686-06A,Metastatic,,,0,0,0,0,0,0,0,0,0,0,0,0,0,0,0,0,0,,,,,,,,,,,,,,,,,,,,,,,,,,,0.0975661667138307,,Sporadic/Unknown,Sporadic/Unknown,Unknown,Unknown,Metastatic
TCGA-RW-A688-01A,Primary solid Tumor,Female,Kinase signaling,0,0,0,0,0,0,0,0,p.A188fs,0,0,0,0,0,0,0,0,,,,,,,,,[Unknown],[Not Evaluated],69.0,Alive,pheochromocytoma,adrenal,Adrenal,No,,,,,,,37.0,37.0,37.0,low-methylated,0.0487440817240301,3.0,NF1,NF1,No,Adrenal (Pheo),Primary solid Tumor
TCGA-RW-A689-01A,Primary solid Tumor,Male,Kinase signaling,0,0,0,0,0,0,0,0,p.V1531fs,0,0,0,0,0,0,0,0,,,,,,,,,[Unknown],[Not Evaluated],58.0,Alive,pheochromocytoma,adrenal,Adrenal,No,,,,,,,356.0,356.0,356.0,low-methylated,0.109516191800207,2.0,NF1,NF1,No,Adrenal (Pheo),Primary solid Tumor
TCGA-RW-A68A-01A,Primary solid Tumor,Female,Kinase signaling,0,0,0,0,0,0,0,0,0,0,0,0,0,0,0,0,0,,,,p.C634R,,,,,[Unknown],[Not Evaluated],19.0,Alive,pheochromocytoma,adrenal,Adrenal,No,,,,,,,397.0,397.0,397.0,low-methylated,0.0683568941794279,2.0,RET,RET,No,Adrenal (Pheo),Primary solid Tumor
TCGA-RW-A68B-01A,Primary solid Tumor,Male,Kinase signaling,0,0,0,0,0,0,0,0,0,0,0,0,0,0,0,0,0,,,,p.C634W,,,,,[Unknown],[Not Evaluated],31.0,Alive,pheochromocytoma,adrenal,Adrenal,No,,,,,,,242.0,242.0,242.0,low-methylated,0.0466888538302455,2.0,RET,RET,No,Adrenal (Pheo),Primary solid Tumor
TCGA-RW-A68C-01A,Primary solid Tumor,Male,Pseudohypoxia,0,0,0,0,0,0,0,0,0,0,0,0,0,0,0,0,0,,,,,,,,,[Unknown],[Not Evaluated],43.0,Alive,pheochromocytoma,adrenal,Adrenal,No,,,,,,,191.0,191.0,191.0,intermediate,0.109568790227865,1.0,Sporadic/Unknown,Sporadic/Unknown,No,Adrenal (Pheo),Primary solid Tumor
TCGA-RW-A68D-01A,Primary solid Tumor,Female,Pseudohypoxia,0,0,0,0,0,0,0,p.Y532C,0,0,0,0,0,0,0,0,0,,,,,,,,,[Unknown],[Not Evaluated],31.0,Alive,pheochromocytoma,adrenal,Adrenal,No,,,,,,,2214.0,2214.0,2214.0,hyper-methylated,0.064827878813836,2.0,EPAS1,EPAS1,No,Adrenal (Pheo),Primary solid Tumor
TCGA-RW-A68F-01A,Primary solid Tumor,Female,Pseudohypoxia,0,0,0,0,0,0,0,0,0,0,0,0,0,0,0,0,0,,,,,,p.M1L,,,[Unknown],[Not Evaluated],51.0,Alive,pheochromocytoma,adrenal,Adrenal,No,,,,,,,457.0,457.0,457.0,hyper-methylated,0.0604401870890504,1.0,SDHx,SDHx,No,Adrenal (Pheo),Primary solid Tumor
TCGA-RW-A68G-01A,Primary solid Tumor,Male,Cortical admixture,0,0,0,0,0,0,0,0,0,0,0,0,0,0,0,0,0,,,,,,,,,[Unknown],[Not Evaluated],49.0,Alive,pheochromocytoma,adrenal,Adrenal,No,,,,,,,1274.0,1274.0,1274.0,low-methylated,0.0722437200919643,1.0,Sporadic/Unknown,Sporadic/Unknown,No,Adrenal (Pheo),Primary solid Tumor
TCGA-RW-A7CZ-01A,Primary solid Tumor,Female,Pseudohypoxia,0,0,0,0,0,0,0,0,0,0,0,0,0,0,0,0,0,,,,,,p.Y144X,,,White,[Not Evaluated],72.0,Alive,paraganglioma,extra adrenal abdomen/pelvis,peri-adrenal extra adrenal PGL,No,Yes,,,,,,134.0,134.0,134.0,hyper-methylated,0.08201953425185,,SDHx,SDHx,No,Extra-adrenal (PGL),Primary solid Tumor
TCGA-RW-A7D0-01A,Primary solid Tumor,Female,Kinase signaling,0,0,0,0,0,0,0,0,p.S413*,0,0,0,0,0,0,0,0,,,,,,,,,White,[Not Evaluated],47.0,Alive,pheochromocytoma,adrenal,Adrenal,No,,,,,,,54.0,54.0,54.0,low-methylated,0.253044866548221,,NF1,NF1,No,Adrenal (Pheo),Primary solid Tumor
TCGA-RW-A8AZ-01A,Primary solid Tumor,Male,Wnt-altered,1,1,0,0,0,0,0,0,0,0,0,0,0,p.DQ972fs,0,0,0,,,,,,,,,White,[Not Evaluated],66.0,Dead,pheochromocytoma,adrenal,adrenal,Yes,Yes,,,,,,88.0,0.0,0.0,low-methylated,0.0788726364291302,1.0,MAML3 fusion,Sporadic/Unknown,Yes,Adrenal (Pheo),Primary solid Tumor
TCGA-RX-A8JQ-01A,Primary solid Tumor,Male,Kinase signaling,0,0,0,0,0,0,0,0,0,0,p.G469A,0,0,0,0,0,0,,,,,,,,,White,Not Hispanic or Latino,44.0,Alive,paraganglioma,extra adrenal abdomen/pelvis,peri-adrenal retroperitoneal extra adrenal PGL,No,,,,,,,611.0,611.0,611.0,low-methylated,0.0982581454544106,3.0,BRAF,BRAF,No,Extra-adrenal (PGL),Primary solid Tumor
TCGA-S7-A7WL-01A,Primary solid Tumor,Male,Kinase signaling,0,0,0,0,0,0,0,0,p.KIDAV428fs,0,0,0,0,0,0,0,0,,,,,,,,,White,Not Hispanic or Latino,59.0,Alive,pheochromocytoma,adrenal,Adrenal,No,Yes,,,Yes,,,961.0,961.0,961.0,low-methylated,0.094848301071314,2.0,NF1,NF1,No,Adrenal (Pheo),Primary solid Tumor
TCGA-S7-A7WN-01A,Primary solid Tumor,Male,Kinase signaling,0,0,0,0,0,p.Q61R,0,0,0,0,0,0,0,0,0,0,0,,,,,,,,,White,Not Hispanic or Latino,40.0,Alive,pheochromocytoma,adrenal,Adrenal,No,Yes,,,Yes,,,1133.0,1133.0,1133.0,low-methylated,0.163736608577167,2.0,HRAS,HRAS,No,Adrenal (Pheo),Primary solid Tumor
TCGA-S7-A7WO-01A,Primary solid Tumor,Female,Cortical admixture,0,0,0,0,0,0,0,0,0,0,0,0,0,0,0,0,0,,,,,,,,,White,Not Hispanic or Latino,76.0,Alive,pheochromocytoma,adrenal,Adrenal,No,Yes,,,Yes,,,1080.0,1080.0,1080.0,intermediate,0.167259387578592,,Sporadic/Unknown,Sporadic/Unknown,No,Adrenal (Pheo),Primary solid Tumor
TCGA-S7-A7WP-01A,Primary solid Tumor,Female,Pseudohypoxia,0,0,0,0,0,0,0,0,0,0,0,0,0,0,0,0,0,,,,,,,,,White,Not Hispanic or Latino,25.0,Alive,pheochromocytoma,adrenal,Adrenal,No,Yes,,,,,,944.0,944.0,944.0,intermediate,0.129616699430347,2.0,Sporadic/Unknown,Sporadic/Unknown,No,Adrenal (Pheo),Primary solid Tumor
TCGA-S7-A7WQ-01A,Primary solid Tumor,Male,Pseudohypoxia,0,0,0,0,0,0,0,0,0,0,0,0,0,0,0,0,0,,,,,,,,Splice Site,White,Not Hispanic or Latino,19.0,Alive,pheochromocytoma,adrenal,Adrenal,No,Yes,,,,,,820.0,820.0,820.0,intermediate,0.15940599054897,2.0,VHL,VHL,No,Adrenal (Pheo),Primary solid Tumor
TCGA-S7-A7WR-01A,Primary solid Tumor,Female,Kinase signaling,0,0,0,0,0,p.Q61K,0,0,0,0,0,0,0,0,0,0,0,,,,,,,,,White,Not Hispanic or Latino,32.0,Alive,pheochromocytoma,adrenal,Adrenal,No,Yes,,Yes,Yes,,,1238.0,1238.0,1238.0,low-methylated,0.129234076292771,3.0,HRAS,HRAS,No,Adrenal (Pheo),Primary solid Tumor
TCGA-S7-A7WT-01A,Primary solid Tumor,Male,Wnt-altered,0,0,0,0,0,0,0,0,0,Splice_Site,0,0,0,0,0,0,0,,,,,,,,,White,Not Hispanic or Latino,74.0,Alive,pheochromocytoma,adrenal,Adrenal,No,Yes,,,Yes,,,1143.0,1143.0,1143.0,low-methylated,0.309869577088203,,CSDE1,CSDE1,No,Adrenal (Pheo),Primary solid Tumor
TCGA-S7-A7WU-01A,Primary solid Tumor,Female,Pseudohypoxia,0,0,0,0,0,0,0,0,0,0,0,0,0,0,0,0,0,,,,,,,,,White,Not Hispanic or Latino,63.0,Alive,pheochromocytoma,adrenal,Adrenal,No,Yes,,,,,,928.0,928.0,928.0,intermediate,0.0547348852553261,1.0,Sporadic/Unknown,Sporadic/Unknown,No,Adrenal (Pheo),Primary solid Tumor
TCGA-S7-A7WV-01A,Primary solid Tumor,Female,Cortical admixture,0,0,0,0,0,0,0,0,0,0,0,0,0,0,0,0,0,,p.R75X,,,,,,,White,Not Hispanic or Latino,35.0,Alive,pheochromocytoma,adrenal,Adrenal,No,Yes,,,Yes,,,849.0,849.0,849.0,intermediate,0.5700356914039081,2.0,MAX,MAX,No,Adrenal (Pheo),Primary solid Tumor
TCGA-S7-A7WW-01A,Primary solid Tumor,Male,Cortical admixture,0,0,0,0,0,0,0,0,0,0,0,0,0,0,0,0,0,,,,,,,,,White,Not Hispanic or Latino,34.0,Alive,pheochromocytoma,adrenal,Adrenal,No,Yes,,,,,,626.0,626.0,626.0,intermediate,0.092262061248518,1.0,Sporadic/Unknown,Sporadic/Unknown,No,Adrenal (Pheo),Primary solid Tumor
TCGA-S7-A7WX-01A,Primary solid Tumor,Male,Kinase signaling,0,0,0,0,0,0,0,0,0,0,0,0,0,0,0,0,0,,,p.D1537fs,,,,,,White,Not Hispanic or Latino,52.0,Alive,pheochromocytoma,adrenal,Adrenal,No,Yes,,,Yes,,,770.0,770.0,770.0,low-methylated,0.167726308885872,1.0,NF1,NF1,No,Adrenal (Pheo),Primary solid Tumor
TCGA-S7-A7X0-01A,Primary solid Tumor,Female,Pseudohypoxia,0,0,0,0,0,0,0,p.P531A,0,0,0,0,0,0,0,0,0,,,,,,,,,White,Not Hispanic or Latino,75.0,Alive,paraganglioma,extra adrenal abdomen/pelvis,minor pelvis extra adrenal PGL,No,Yes,,,,,,385.0,385.0,385.0,intermediate,0.0822939452466473,1.0,EPAS1,EPAS1,No,Extra-adrenal (PGL),Primary solid Tumor
TCGA-S7-A7X1-01A,Primary solid Tumor,Male,Pseudohypoxia,0,0,0,0,0,0,0,0,0,0,0,0,0,0,0,0,0,,,,,,,,p.W117X,White,Not Hispanic or Latino,23.0,Alive,pheochromocytoma,adrenal,Adrenal,No,Yes,,,,,,576.0,576.0,576.0,intermediate,0.112331111956667,2.0,VHL,VHL,No,Adrenal (Pheo),Primary solid Tumor
TCGA-S7-A7X2-01A,Primary solid Tumor,Female,Kinase signaling,0,0,0,0,0,0,0,0,0,0,0,0,0,0,0,0,0,,,,,,,,,White,Not Hispanic or Latino,57.0,Alive,pheochromocytoma,adrenal,Adrenal,No,Yes,,,Yes,,,550.0,550.0,550.0,low-methylated,0.164101689337074,3.0,Sporadic/Unknown,Sporadic/Unknown,No,Adrenal (Pheo),Primary solid Tumor
TCGA-SA-A6C2-01A,Primary solid Tumor,Female,Pseudohypoxia,0,0,0,0,0,0,0,0,0,0,0,0,0,0,0,0,0,,,,,,,,,Black or African American,Not Hispanic or Latino,46.0,Alive,paraganglioma,extra adrenal abdomen/pelvis,peri-aortic retroperitoneal extra adrenal PGL,No,,,,,,,296.0,296.0,296.0,hyper-methylated,0.0467850974296383,1.0,Sporadic/Unknown,Sporadic/Unknown,No,Extra-adrenal (PGL),Primary solid Tumor
TCGA-SP-A6QC-01A,Primary solid Tumor,Male,Kinase signaling,0,0,0,0,0,0,0,0,0,0,0,0,0,0,0,0,0,,,,,,,p.F83fs,,White,Not Hispanic or Latino,46.0,Alive,pheochromocytoma,adrenal,Adrenal,No,Yes,,,Yes,,,3180.0,3180.0,3180.0,low-methylated,0.220244694121517,,TMEM127,TMEM127,No,Adrenal (Pheo),Primary solid Tumor
TCGA-SP-A6QD-01A,Primary solid Tumor,Male,Pseudohypoxia,0,0,0,0,0,0,0,0,0,0,0,0,0,0,0,0,0,,,,,,,,,[Not Evaluated],Not Hispanic or Latino,26.0,Alive,pheochromocytoma,adrenal,Adrenal,No,,Yes,,,,,3087.0,3087.0,3087.0,hyper-methylated,0.0651731774995793,,Sporadic/Unknown,Sporadic/Unknown,No,Adrenal (Pheo),Primary solid Tumor
TCGA-SP-A6QF-01A,Primary solid Tumor,Male,Kinase signaling,0,0,0,0,0,p.Q61K,0,0,0,0,0,0,0,0,0,0,0,,,,,,,,,Asian,Not Hispanic or Latino,48.0,Alive,pheochromocytoma,adrenal,Adrenal,No,,Yes,Yes,Yes,,,2149.0,2149.0,2149.0,low-methylated,0.181296086770811,,HRAS,HRAS,No,Adrenal (Pheo),Primary solid Tumor
TCGA-SP-A6QG-01A,Primary solid Tumor,Female,Pseudohypoxia,0,0,0,0,0,0,0,0,0,0,0,0,0,0,0,0,0,,,,,p.R230H,,,,White,Not Hispanic or Latino,35.0,Alive,paraganglioma,extra adrenal abdomen/pelvis,para-adrenal soft tissue extra adrenal PGL,No,,Yes,,Yes,,,2040.0,2040.0,2040.0,hyper-methylated,0.0585050557891161,,SDHx,SDHx,No,Extra-adrenal (PGL),Primary solid Tumor
TCGA-SP-A6QH-01A,Primary solid Tumor,Female,Pseudohypoxia,0,0,0,0,0,0,0,0,0,0,0,0,0,0,0,0,0,,,,,,,,,Asian,Not Hispanic or Latino,35.0,Alive,pheochromocytoma,adrenal,Adrenal,No,,Yes,,,,Yes,1857.0,1857.0,1857.0,intermediate,0.0652249989623417,1.0,Sporadic/Unknown,Sporadic/Unknown,No,Adrenal (Pheo),Primary solid Tumor
TCGA-SP-A6QI-01A,Primary solid Tumor,Male,Kinase signaling,0,0,0,0,0,0,0,0,0,0,0,0,0,0,0,0,0,,,,,,,,,White,Not Hispanic or Latino,47.0,Alive,pheochromocytoma,adrenal,Adrenal,No,,,Yes,Yes,,,2983.0,2983.0,2983.0,low-methylated,0.0702515142450675,,Sporadic/Unknown,Sporadic/Unknown,No,Adrenal (Pheo),Primary solid Tumor
TCGA-SP-A6QJ-01A,Primary solid Tumor,Female,Kinase signaling,0,0,0,0,0,p.Q61R,0,0,0,0,0,0,0,0,p.QS81fs,0,0,,,,,,,,,White,Not Hispanic or Latino,64.0,Alive,pheochromocytoma,adrenal,Adrenal,No,,Yes,Yes,Yes,,,274.0,274.0,274.0,low-methylated,0.115670777921013,2.0,ARNT;HRAS,ARNT,No,Adrenal (Pheo),Primary solid Tumor
TCGA-SP-A6QK-01A,Primary solid Tumor,Female,Cortical admixture,0,0,0,0,0,0,p.C515S; p.C634R,0,0,0,0,0,0,0,0,0,0,,,,,,,,,Asian,Not Hispanic or Latino,46.0,Alive,pheochromocytoma,adrenal,Adrenal,No,Yes,,,Yes,,,3013.0,3013.0,3013.0,low-methylated,0.103734722492114,,RET,RET,No,Adrenal (Pheo),Primary solid Tumor
TCGA-SQ-A6I4-01A,Primary solid Tumor,Male,Cortical admixture,0,0,0,0,0,0,0,0,0,0,0,0,0,0,0,0,0,,,,p.V804M,,,,,White,Not Hispanic or Latino,53.0,Alive,pheochromocytoma,adrenal,Adrenal,No,,,,,,,43.0,43.0,43.0,low-methylated,0.37843619617286,,RET,RET,No,Adrenal (Pheo),Primary solid Tumor
TCGA-SQ-A6I6-01A,Primary solid Tumor,Male,Kinase signaling,0,0,0,0,0,0,0,0,p.K874fs,0,0,0,0,0,0,0,0,,,,,,,,,White,Not Hispanic or Latino,39.0,Alive,pheochromocytoma,adrenal,Adrenal,No,,,,,,,3.0,3.0,3.0,low-methylated,0.0676501530737719,,NF1,NF1,No,Adrenal (Pheo),Primary solid Tumor
TCGA-SR-A6MP-01A,Primary solid Tumor,Female,Kinase signaling,0,0,0,0,0,0,0,0,0,0,0,0,0,0,0,0,0,,,p.F894S,,,,,,White,Not Hispanic or Latino,30.0,Alive,pheochromocytoma,adrenal,Adrenal,No,Yes,Yes,Yes,,,,1558.0,1558.0,1558.0,low-methylated,0.121535250793837,,NF1,NF1,No,Adrenal (Pheo),Primary solid Tumor
TCGA-SR-A6MQ-01A,Primary solid Tumor,Female,Kinase signaling,0,0,0,0,0,p.G13R,0,0,0,0,0,0,0,0,0,0,0,,,,,,,,,Asian,Not Hispanic or Latino,61.0,Alive,paraganglioma,extra adrenal abdomen/pelvis,peri-aortic extra adrenal PGL above left renal vein,No,Yes,,,Yes,,,2087.0,2087.0,2087.0,intermediate,0.106002167985621,3.0,HRAS,HRAS,No,Extra-adrenal (PGL),Primary solid Tumor
TCGA-SR-A6MR-01A,Primary solid Tumor,Male,Pseudohypoxia,0,0,0,0,0,0,0,0,0,0,0,0,0,0,0,0,0,,,,,,,,,White,Not Hispanic or Latino,41.0,Alive,paraganglioma,extra adrenal abdomen/pelvis,porto-caval extra adrenal PGL,No,,,,,,,2409.0,2409.0,2409.0,intermediate,0.115774152908361,,Sporadic/Unknown,Sporadic/Unknown,No,Extra-adrenal (PGL),Primary solid Tumor
TCGA-SR-A6MT-01A,Primary solid Tumor,Female,Pseudohypoxia,0,0,0,0,0,0,0,0,0,0,0,0,0,0,0,0,0,,,,,,,,,White,Not Hispanic or Latino,57.0,Alive,pheochromocytoma,adrenal,Adrenal,No,,,,,,,3247.0,3247.0,3247.0,hyper-methylated,0.0379176385058244,,Sporadic/Unknown,Sporadic/Unknown,No,Adrenal (Pheo),Primary solid Tumor
TCGA-SR-A6MU-01A,Primary solid Tumor,Female,Cortical admixture,0,0,0,0,0,0,0,0,0,0,0,0,0,0,0,0,0,,,,,,,,,White,Not Hispanic or Latino,49.0,Alive,pheochromocytoma,adrenal,Adrenal,No,Yes,,Yes,Yes,,,3362.0,3362.0,3362.0,low-methylated,0.0847196092509485,,Sporadic/Unknown,Sporadic/Unknown,No,Adrenal (Pheo),Primary solid Tumor
TCGA-SR-A6MX-01A,Primary solid Tumor,Male,Pseudohypoxia,0,0,0,0,0,0,0,0,0,0,0,0,0,p.P2292fs,0,c.6110C>G,0,,,,,p.I127S,,,,[Unknown],[Unknown],55.0,Dead,paraganglioma,extra adrenal thoracic,throacic eipdural paraganglioma,Yes,Yes,Yes,,,,Yes,95.0,0.0,0.0,hyper-methylated,0.0597567505029144,1.0,SDHx;SETD2,Sporadic/Unknown,Yes,Extra-adrenal (PGL),Primary solid Tumor
TCGA-SR-A6MX-05A,Additional - New Primary,,,0,0,0,0,0,0,0,0,0,0,0,0,0,p.E1059fs,0,0,0,,,,,p.I127S,,,,,,,,,,,,,,,,,,,,,,0.0635778158162976,1.0,SDHx,Sporadic/Unknown,Unknown,Unknown,Additional - New Primary
TCGA-SR-A6MX-06A,Metastatic,,,0,0,0,0,0,0,0,0,0,0,0,0,0,p.P2292fs,0,c.6110C>G,0,,,,,p.I127S,,,,,,,,,,,,,,,,,,,,,,0.0686703187300688,1.0,SDHx;SETD2,Sporadic/Unknown,Unknown,Unknown,Metastatic
TCGA-SR-A6MY-01A,Primary solid Tumor,Female,Kinase signaling,0,0,0,0,0,p.Q61R,0,0,0,0,0,0,0,0,0,0,0,,,,,,,,,White,Not Hispanic or Latino,54.0,Alive,pheochromocytoma,adrenal,Adrenal,No,Yes,,Yes,Yes,,,750.0,750.0,750.0,low-methylated,0.146599573468582,1.0,HRAS,HRAS,No,Adrenal (Pheo),Primary solid Tumor
TCGA-SR-A6MZ-01A,Primary solid Tumor,Female,Cortical admixture,0,0,0,0,0,0,0,0,0,0,0,0,0,0,0,0,0,,,,p.C609S,,,,,White,Not Hispanic or Latino,46.0,Alive,pheochromocytoma,adrenal,Adrenal,No,Yes,,Yes,Yes,,,601.0,601.0,601.0,intermediate,0.226403825058509,3.0,RET,RET,No,Adrenal (Pheo),Primary solid Tumor
TCGA-SR-A6N0-01A,Primary solid Tumor,Female,Cortical admixture,0,0,0,0,0,0,0,0,0,0,0,0,0,0,0,0,0,,,,,,,,,White,Not Hispanic or Latino,45.0,Alive,pheochromocytoma,adrenal,Adrenal,No,Yes,Yes,,,,,1509.0,1509.0,1509.0,low-methylated,0.0908651534507758,,Sporadic/Unknown,Sporadic/Unknown,No,Adrenal (Pheo),Primary solid Tumor
TCGA-TT-A6YJ-01A,Primary solid Tumor,Female,Kinase signaling,0,0,0,0,0,0,0,0,p.K583N,0,0,0,0,0,0,0,0,,,,,,,,,[Unknown],[Unknown],45.0,Alive,pheochromocytoma,adrenal,Adrenal,No,Yes,,,Yes,,,132.0,132.0,132.0,low-methylated,0.0401455735362454,,NF1,NF1,No,Adrenal (Pheo),Primary solid Tumor
TCGA-TT-A6YK-01A,Primary solid Tumor,Male,Pseudohypoxia,0,0,0,0,0,0,0,0,0,0,0,0,0,0,0,0,0,p.S154X,,,,,,,,White,[Unknown],61.0,Alive,paraganglioma,extra adrenal abdomen/pelvis,para-aortic/celiac artery extra adrenal PGL ,No,Yes,,,,,,765.0,765.0,765.0,intermediate,0.0703051451814728,,EGLN1,EGLN1,No,Extra-adrenal (PGL),Primary solid Tumor
TCGA-TT-A6YN-01A,Primary solid Tumor,Female,Kinase signaling,0,0,0,0,0,0,0,0,0,0,0,0,0,0,0,0,0,,,,,,,,,White,[Unknown],37.0,Alive,pheochromocytoma,adrenal,Adrenal,No,Yes,Yes,Yes,Yes,,,606.0,606.0,606.0,low-methylated,0.0783587563624712,3.0,Sporadic/Unknown,Sporadic/Unknown,No,Adrenal (Pheo),Primary solid Tumor
TCGA-TT-A6YP-01A,Primary solid Tumor,Female,Pseudohypoxia,0,0,0,0,0,0,0,0,0,0,0,0,0,0,0,0,0,,,,,,,,p.R167W,White,[Unknown],19.0,Alive,pheochromocytoma,adrenal,Adrenal,No,Yes,,,,,,770.0,770.0,770.0,intermediate,0.120320017700739,,VHL,VHL,No,Adrenal (Pheo),Primary solid Tumor
TCGA-W2-A7H5-01B,Primary solid Tumor,Female,Kinase signaling,0,0,0,0,0,0,0,0,0,0,0,0,0,0,0,0,0,,,,p.C618S,,,,,White,Not Hispanic or Latino,25.0,Alive,pheochromocytoma,adrenal,Adrenal,No,Yes,,,Yes,,,432.0,432.0,432.0,low-methylated,0.0631173737713165,,RET,RET,No,Adrenal (Pheo),Primary solid Tumor
TCGA-W2-A7H7-01A,Primary solid Tumor,Male,Pseudohypoxia,0,0,0,0,0,0,0,0,0,0,0,0,0,0,0,0,0,,,,,,,,,White,Not Hispanic or Latino,59.0,Alive,pheochromocytoma,adrenal,Adrenal,No,Yes,,,,,,522.0,522.0,522.0,hyper-methylated,0.103056367104277,,Sporadic/Unknown,Sporadic/Unknown,No,Adrenal (Pheo),Primary solid Tumor
TCGA-W2-A7HA-01B,Primary solid Tumor,Female,Kinase signaling,0,0,0,0,0,0,p.D631Y,0,0,0,0,0,0,0,0,0,0,,,,,,,,,American Indian or Alaska Native,Not Hispanic or Latino,63.0,Alive,pheochromocytoma,adrenal,Adrenal,No,Yes,Yes,Yes,Yes,,,36.0,36.0,36.0,low-methylated,0.140157731552309,,RET,RET,No,Adrenal (Pheo),Primary solid Tumor
TCGA-W2-A7HB-01A,Primary solid Tumor,Male,Kinase signaling,0,0,0,0,0,0,0,0,0,0,0,0,0,0,0,0,0,,,,p.M918T,,,,,White,Not Hispanic or Latino,24.0,Alive,pheochromocytoma,adrenal,Adrenal,No,,,,Yes,,,604.0,604.0,604.0,low-methylated,0.0595522751216903,,RET,RET,No,Adrenal (Pheo),Primary solid Tumor
TCGA-W2-A7HC-01A,Primary solid Tumor,Male,Kinase signaling,0,0,0,0,0,p.Q61R,0,0,0,0,0,0,0,0,0,0,0,,,,,,,,,White,Not Hispanic or Latino,67.0,Alive,pheochromocytoma,adrenal,Adrenal,No,Yes,,,Yes,,,366.0,366.0,366.0,low-methylated,0.237181463945598,3.0,HRAS,HRAS,No,Adrenal (Pheo),Primary solid Tumor
TCGA-W2-A7HD-01A,Primary solid Tumor,Female,Kinase signaling,0,0,0,0,0,p.Q61R,0,0,0,0,0,0,0,0,0,0,0,,,,,,,,,White,Not Hispanic or Latino,76.0,Alive,pheochromocytoma,adrenal,Adrenal,No,Yes,,Yes,Yes,,,380.0,380.0,380.0,low-methylated,0.0590009218306114,,HRAS,HRAS,No,Adrenal (Pheo),Primary solid Tumor
TCGA-W2-A7HE-01A,Primary solid Tumor,Male,Cortical admixture,0,0,0,0,0,0,0,0,0,0,0,0,0,0,0,0,0,,,,p.C618S,,,,,[Unknown],Not Hispanic or Latino,80.0,Alive,pheochromocytoma,adrenal,Adrenal,No,,,,Yes,,,505.0,505.0,505.0,low-methylated,0.197181635406263,,RET,RET,No,Adrenal (Pheo),Primary solid Tumor
TCGA-W2-A7HF-01A,Primary solid Tumor,Female,Kinase signaling,0,0,0,0,0,0,0,0,0,0,0,0,0,0,0,0,0,,,,p.C634Y,,,,,Black or African American,Not Hispanic or Latino,28.0,Alive,pheochromocytoma,adrenal,Adrenal,No,Yes,,,Yes,,,538.0,538.0,538.0,low-methylated,0.0438968981703873,2.0,RET,RET,No,Adrenal (Pheo),Primary solid Tumor
TCGA-W2-A7HH-01A,Primary solid Tumor,Female,Pseudohypoxia,0,0,0,0,0,0,0,0,0,0,0,0,0,0,0,0,p.R132C,,,,,,,,,White,Not Hispanic or Latino,69.0,Alive,paraganglioma,extra adrenal abdomen/pelvis,peri-adrenal extra adrenal PGL ,No,Yes,,,Yes,,,779.0,779.0,779.0,intermediate,0.0640245068778495,,IDH1,IDH1,No,Extra-adrenal (PGL),Primary solid Tumor
TCGA-W2-A7UY-01A,Primary solid Tumor,Female,Pseudohypoxia,0,0,0,0,0,0,0,0,0,0,0,0,0,0,0,0,0,,,p.585_586del,,,,,,White,Not Hispanic or Latino,44.0,Alive,pheochromocytoma,adrenal,Adrenal,No,Yes,,,Yes,,,324.0,324.0,324.0,intermediate,0.104672423630233,,NF1,NF1,No,Adrenal (Pheo),Primary solid Tumor
TCGA-WB-A80K-01A,Primary solid Tumor,Male,Wnt-altered,1,1,0,0,0,0,0,0,0,0,0,0,0,0,0,0,0,,,,,,,,,White,Not Hispanic or Latino,49.0,Alive,pheochromocytoma,adrenal,Adrenal,Yes,Yes,,,Yes,,,840.0,772.0,840.0,low-methylated,0.160184171769194,,MAML3 fusion,MAML3 fusion,Yes,Adrenal (Pheo),Primary solid Tumor
TCGA-WB-A80L-01A,Primary solid Tumor,Female,Cortical admixture,0,0,0,0,0,0,0,0,0,0,0,0,0,0,0,0,0,,,,,,,,,White,Not Hispanic or Latino,30.0,Alive,pheochromocytoma,adrenal,Adrenal,No,Yes,,,,,,678.0,678.0,678.0,low-methylated,0.0753209399850106,,Sporadic/Unknown,Sporadic/Unknown,No,Adrenal (Pheo),Primary solid Tumor
TCGA-WB-A80M-01A,Primary solid Tumor,Male,Wnt-altered,0,0,0,0,0,0,0,0,0,Splice_Site,0,0,0,0,0,0,0,,,,,,,,,White,Not Hispanic or Latino,63.0,Alive,pheochromocytoma,adrenal,Adrenal,No,Yes,,,Yes,Yes,,136.0,136.0,136.0,low-methylated,0.0393876449651298,,CSDE1,CSDE1,No,Adrenal (Pheo),Primary solid Tumor
TCGA-WB-A80N-01A,Primary solid Tumor,Male,Kinase signaling,0,0,0,0,0,p.Q61L,0,0,0,0,0,0,0,0,0,0,0,,,,,,,,,White,Not Hispanic or Latino,54.0,Alive,pheochromocytoma,adrenal,Adrenal,No,Yes,,,Yes,,,144.0,144.0,144.0,low-methylated,0.127108218882451,,HRAS,HRAS,No,Adrenal (Pheo),Primary solid Tumor
TCGA-WB-A80O-01A,Primary solid Tumor,Female,Kinase signaling,0,0,0,0,0,p.Q61R,0,0,0,0,0,0,0,0,0,0,0,,,,,,,,,White,Not Hispanic or Latino,83.0,Alive,pheochromocytoma,adrenal,Adrenal,No,Yes,,,Yes,,,128.0,128.0,128.0,low-methylated,0.188615912698848,,HRAS,HRAS,No,Adrenal (Pheo),Primary solid Tumor
TCGA-WB-A80P-01A,Primary solid Tumor,Male,Pseudohypoxia,0,0,0,0,0,0,0,0,0,0,0,0,0,0,0,0,0,,,,,p.N109H,,,,White,Not Hispanic or Latino,20.0,Alive,paraganglioma,extra adrenal abdomen/pelvis,para-aortic /peri-caval retroperitoneal extra adrenal PGL,Yes,Yes,,,,,,9634.0,6866.0,6866.0,hyper-methylated,0.0788502459651795,,SDHx,SDHx,Yes,Extra-adrenal (PGL),Primary solid Tumor
TCGA-WB-A80Q-01A,Primary solid Tumor,Female,Wnt-altered,0,0,0,0,0,0,0,0,0,0,0,0,0,0,0,0,0,,,,,,,,,White,Not Hispanic or Latino,64.0,Alive,pheochromocytoma,adrenal,Adrenal,Yes,Yes,,,,,,3880.0,0.0,3880.0,low-methylated,0.0637812863339949,1.0,Sporadic/Unknown,Sporadic/Unknown,Yes,Adrenal (Pheo),Primary solid Tumor
TCGA-WB-A80Y-01A,Primary solid Tumor,Female,Wnt-altered,0,1,0,0,0,0,0,0,0,0,0,0,0,0,0,0,0,,,,,,,,,White,Not Hispanic or Latino,59.0,Dead,pheochromocytoma,adrenal,Adrenal,no,Yes,Yes,Yes,Yes,,,596.0,596.0,596.0,low-methylated,0.0747541490968196,,MAML3 fusion,MAML3 fusion,No,Adrenal (Pheo),Primary solid Tumor
TCGA-WB-A816-01A,Primary solid Tumor,Female,Cortical admixture,0,0,0,0,0,0,0,0,0,0,0,0,0,0,0,0,0,,,,,,,,,White,Hispanic or Latino,42.0,Alive,pheochromocytoma,adrenal,Adrenal,No,Yes,Yes,Yes,Yes,,,1254.0,1254.0,1254.0,low-methylated,0.122065275006102,,Sporadic/Unknown,Sporadic/Unknown,No,Adrenal (Pheo),Primary solid Tumor
TCGA-WB-A817-01A,Primary solid Tumor,Male,Cortical admixture,0,0,0,0,0,0,0,0,0,0,0,0,0,0,0,0,0,,p.R75X,,,,,,,White,Not Hispanic or Latino,27.0,Alive,pheochromocytoma,adrenal,Adrenal,No,Yes,Yes,,,,,992.0,992.0,992.0,low-methylated,0.12340227760129,1.0,MAX,MAX,No,Adrenal (Pheo),Primary solid Tumor
TCGA-WB-A818-01A,Primary solid Tumor,Male,Kinase signaling,0,0,0,0,0,0,0,0,p.S2309fs,0,0,0,0,0,0,0,0,,,,,,,,,White,Not Hispanic or Latino,37.0,Alive,pheochromocytoma,adrenal,Adrenal,No,Yes,Yes,Yes,Yes,,Yes,1035.0,1035.0,1035.0,low-methylated,0.130082609570809,3.0,NF1,NF1,No,Adrenal (Pheo),Primary solid Tumor
TCGA-WB-A81A-01A,Primary solid Tumor,Female,Pseudohypoxia,0,0,0,0,0,0,0,0,0,0,0,0,0,0,0,0,0,,,,,,,,,White,Not Hispanic or Latino,65.0,Alive,pheochromocytoma,adrenal,Adrenal,No,Yes,Yes,,,,,735.0,735.0,735.0,intermediate,0.0316408963854623,,Sporadic/Unknown,Sporadic/Unknown,No,Adrenal (Pheo),Primary solid Tumor
TCGA-WB-A81D-01A,Primary solid Tumor,Female,Kinase signaling,0,0,0,0,0,0,0,0,0,0,0,0,0,0,0,0,0,,,,,,,,,White,Not Hispanic or Latino,82.0,Alive,pheochromocytoma,adrenal,Adrenal,No,Yes,,,Yes,,,1090.0,1090.0,1090.0,low-methylated,0.151232619136442,,Sporadic/Unknown,Sporadic/Unknown,No,Adrenal (Pheo),Primary solid Tumor
TCGA-WB-A81E-01A,Primary solid Tumor,Female,Pseudohypoxia,0,0,0,0,0,0,0,0,0,0,0,0,0,0,0,0,0,,,,,Splice Site,,,,White,Not Hispanic or Latino,47.0,Alive,paraganglioma,extra adrenal thoracic,thoracic mediastinal extra adrenal PGL ,Yes,Yes,Yes,,,,,1131.0,887.0,1131.0,hyper-methylated,0.101736900644064,,SDHx,SDHx,Yes,Extra-adrenal (PGL),Primary solid Tumor
TCGA-WB-A81F-01A,Primary solid Tumor,Male,Kinase signaling,0,0,0,0,0,0,0,0,0,0,0,0,0,0,0,0,0,,,,,,,,,White,Not Hispanic or Latino,40.0,Alive,pheochromocytoma,adrenal,Adrenal,No,Yes,Yes,,Yes,,,1737.0,1737.0,1737.0,low-methylated,0.1264459756208,,Sporadic/Unknown,Sporadic/Unknown,No,Adrenal (Pheo),Primary solid Tumor
TCGA-WB-A81G-01A,Primary solid Tumor,Male,Pseudohypoxia,0,0,0,0,0,0,0,0,0,0,0,0,0,0,0,0,0,,,,,Splice Site,,,,White,Not Hispanic or Latino,25.0,Alive,pheochromocytoma,adrenal,Adrenal,No,Yes,Yes,,,,,737.0,737.0,737.0,hyper-methylated,0.0833841541585532,1.0,SDHx,SDHx,No,Adrenal (Pheo),Primary solid Tumor
TCGA-WB-A81H-01A,Primary solid Tumor,Female,Cortical admixture,0,0,0,0,0,0,0,0,0,0,0,0,0,0,0,0,0,,,,,,,,,White,Not Hispanic or Latino,44.0,Alive,pheochromocytoma,adrenal,Adrenal,No,Yes,Yes,Yes,Yes,,,1294.0,1294.0,1294.0,low-methylated,0.18797718221367,,Sporadic/Unknown,Sporadic/Unknown,No,Adrenal (Pheo),Primary solid Tumor
TCGA-WB-A81I-01A,Primary solid Tumor,Male,Pseudohypoxia,0,0,0,0,0,0,0,0,0,0,0,0,0,0,0,0,0,,,,,,,,,White,Not Hispanic or Latino,64.0,Alive,pheochromocytoma,adrenal,Adrenal,No,Yes,Yes,,,,,679.0,679.0,679.0,low-methylated,0.0495220603492647,,Sporadic/Unknown,Sporadic/Unknown,No,Adrenal (Pheo),Primary solid Tumor
TCGA-WB-A81J-01A,Primary solid Tumor,Male,Kinase signaling,0,0,0,0,0,0,0,0,0,0,0,0,0,0,0,0,0,,,,,,,,,White,Not Hispanic or Latino,40.0,Alive,pheochromocytoma,adrenal,Adrenal,No,Yes,,,Yes,,,741.0,741.0,741.0,low-methylated,0.0460669195583584,,Sporadic/Unknown,Sporadic/Unknown,No,Adrenal (Pheo),Primary solid Tumor
TCGA-WB-A81K-01A,Primary solid Tumor,Male,Cortical admixture,0,0,0,0,0,0,0,0,0,0,0,0,0,0,0,0,0,,,,,,,,,White,Not Hispanic or Latino,45.0,Alive,pheochromocytoma,adrenal,Adrenal,No,Yes,Yes,,,,Yes,1218.0,1218.0,1218.0,low-methylated,0.157383857771556,,Sporadic/Unknown,Sporadic/Unknown,No,Adrenal (Pheo),Primary solid Tumor
TCGA-WB-A81M-01A,Primary solid Tumor,Female,Wnt-altered,0,0,0,0,0,0,0,0,0,p.K312fs,0,0,0,0,0,0,0,,,,,,,,,White,[Not Evaluated],42.0,Alive,pheochromocytoma,adrenal,Adrenal,No,Yes,,,Yes,,,1394.0,1394.0,1394.0,low-methylated,0.0377682045779352,1.0,CSDE1,CSDE1,No,Adrenal (Pheo),Primary solid Tumor
TCGA-WB-A81N-01A,Primary solid Tumor,Female,Kinase signaling,0,0,0,0,0,0,0,0,0,0,0,0,0,0,0,0,0,,,p.R1306X,,,,,,White,Not Hispanic or Latino,28.0,Alive,pheochromocytoma,adrenal,Adrenal,No,Yes,,,Yes,,,1406.0,1406.0,1406.0,low-methylated,0.10452100001184,,NF1,NF1,No,Adrenal (Pheo),Primary solid Tumor
TCGA-WB-A81P-01A,Primary solid Tumor,Female,Kinase signaling,0,0,0,0,0,0,0,0,p.TV2409fs,0,0,0,0,0,0,0,0,,,,,,,,,White,Not Hispanic or Latino,73.0,Alive,pheochromocytoma,adrenal,Adrenal,No,Yes,,,,,,395.0,395.0,395.0,low-methylated,0.108707013137604,2.0,NF1,NF1,No,Adrenal (Pheo),Primary solid Tumor
TCGA-WB-A81R-01A,Primary solid Tumor,Female,Kinase signaling,0,0,0,0,0,p.Q61R,0,0,0,0,0,0,0,0,0,0,0,,,,,,,,,White,Not Hispanic or Latino,55.0,Alive,pheochromocytoma,adrenal,Adrenal,No,,,,Yes,,,49.0,49.0,49.0,low-methylated,0.0893620979034394,,HRAS,HRAS,No,Adrenal (Pheo),Primary solid Tumor
TCGA-WB-A81S-01A,Primary solid Tumor,Female,Kinase signaling,0,0,0,0,0,0,0,0,0,0,0,0,0,0,0,0,0,,,p.A2079fs,,,,,,White,Not Hispanic or Latino,59.0,Alive,pheochromocytoma,adrenal,Adrenal,No,Yes,,,Yes,,,357.0,357.0,357.0,low-methylated,0.100524164329593,1.0,NF1,NF1,No,Adrenal (Pheo),Primary solid Tumor
TCGA-WB-A81T-01A,Primary solid Tumor,Male,Kinase signaling,0,0,0,0,0,p.Q61R,0,0,0,0,0,0,0,0,0,0,0,,,,,,,,,White,Not Hispanic or Latino,45.0,Alive,pheochromocytoma,adrenal,Adrenal,No,Yes,,,Yes,,,288.0,288.0,288.0,low-methylated,0.140349294564194,3.0,HRAS,HRAS,No,Adrenal (Pheo),Primary solid Tumor
TCGA-WB-A81V-01A,Primary solid Tumor,Male,Cortical admixture,0,0,0,0,0,0,0,0,p.KFFHAI1345fs,0,0,0,0,0,0,0,0,,,,,,,,,White,Not Hispanic or Latino,57.0,Alive,pheochromocytoma,adrenal,Adrenal,No,Yes,Yes,Yes,,,,2161.0,2161.0,2161.0,low-methylated,0.116149459927114,3.0,NF1,NF1,No,Adrenal (Pheo),Primary solid Tumor
TCGA-WB-A81W-01A,Primary solid Tumor,Male,Kinase signaling,0,0,0,0,0,0,0,0,0,0,0,0,0,0,0,0,0,,,,,,,,,White,Not Hispanic or Latino,41.0,Alive,pheochromocytoma,adrenal,Adrenal,No,Yes,Yes,Yes,Yes,,,2379.0,2379.0,2379.0,low-methylated,0.102260745877883,3.0,Sporadic/Unknown,Sporadic/Unknown,No,Adrenal (Pheo),Primary solid Tumor
TCGA-WB-A821-01A,Primary solid Tumor,Female,Pseudohypoxia,0,0,0,0,0,0,0,p.A530V,0,0,0,0,0,0,0,0,0,,,,,,,,,White,Not Hispanic or Latino,73.0,Alive,pheochromocytoma,adrenal,Adrenal,No,Yes,Yes,,,,,41.0,41.0,41.0,intermediate,0.0727525203932134,,EPAS1,EPAS1,No,Adrenal (Pheo),Primary solid Tumor
TCGA-WB-A822-01A,Primary solid Tumor,Male,Pseudohypoxia,0,0,0,0,0,0,0,0,0,0,0,0,0,0,0,0,0,,,,,p.F238fs,,,,White,Not Hispanic or Latino,23.0,Alive,pheochromocytoma,adrenal,Adrenal,Yes,Yes,,,,,,2822.0,69.0,69.0,hyper-methylated,0.19904112841877,,SDHx,SDHx,Yes,Adrenal (Pheo),Primary solid Tumor
